bird_name,bird_name_raw,dataset_part,folder,nb_images
chestnut_breasted_whiteface,Chestnut-breasted Whiteface,DIB-10K_45,6079.Chestnut-breasted Whiteface,98
banded_whiteface,Banded Whiteface,DIB-10K_45,6080.Banded Whiteface,79
papuan_babbler,Papuan Babbler,DIB-10K_45,6081.Papuan Babbler,13
grey_crowned_babbler,Grey-crowned Babbler,DIB-10K_45,6082.Grey-crowned Babbler,871
halls_babbler,Hall's Babbler,DIB-10K_45,6083.Hall's Babbler,112
white_browed_babbler,White-browed Babbler,DIB-10K_45,6084.White-browed Babbler,528
chestnut_crowned_babbler,Chestnut-crowned Babbler,DIB-10K_45,6085.Chestnut-crowned Babbler,186
papuan_logrunner,Papuan Logrunner,DIB-10K_45,6086.Papuan Logrunner,22
australian_logrunner,Australian Logrunner,DIB-10K_45,6087.Australian Logrunner,368
chowchilla,Chowchilla,DIB-10K_45,6088.Chowchilla,157
lorias_satinbird,Loria's Satinbird,DIB-10K_45,6089.Loria's Satinbird,24
crested_satinbird,Crested Satinbird,DIB-10K_45,6090.Crested Satinbird,73
yellow_breasted_satinbird,Yellow-breasted Satinbird,DIB-10K_45,6091.Yellow-breasted Satinbird,7
obscure_berrypecker,Obscure Berrypecker,DIB-10K_45,6092.Obscure Berrypecker,15
black_berrypecker,Black Berrypecker,DIB-10K_45,6093.Black Berrypecker,29
mid_mountain_berrypecker,Mid-mountain Berrypecker,DIB-10K_45,6094.Mid-mountain Berrypecker,12
fan_tailed_berrypecker,Fan-tailed Berrypecker,DIB-10K_45,6095.Fan-tailed Berrypecker,45
streaked_berrypecker,Streaked Berrypecker,DIB-10K_45,6096.Streaked Berrypecker,8
spotted_berrypecker,Spotted Berrypecker,DIB-10K_45,6097.Spotted Berrypecker,13
dwarf_longbill,Dwarf Longbill,DIB-10K_45,6098.Dwarf Longbill,25
pygmy_longbill,Pygmy Longbill,DIB-10K_45,6099.Pygmy Longbill,18
yellow_bellied_longbill,Yellow-bellied Longbill,DIB-10K_45,6100.Yellow-bellied Longbill,18
slaty_headed_longbill,Slaty-headed Longbill,DIB-10K_45,6101.Slaty-headed Longbill,7
tit_berrypecker,Tit Berrypecker,DIB-10K_45,6102.Tit Berrypecker,40
crested_berrypecker,Crested Berrypecker,DIB-10K_45,6103.Crested Berrypecker,97
north_island_kokako,North Island Kokako,DIB-10K_45,6104.North Island Kokako,191
south_island_kokako,South Island Kokako,DIB-10K_45,6105.South Island Kokako,67
north_island_saddleback,North Island Saddleback,DIB-10K_45,6106.North Island Saddleback,324
south_island_saddleback,South Island Saddleback,DIB-10K_45,6107.South Island Saddleback,479
huia,Huia,DIB-10K_45,6108.Huia,182
stitchbird,Stitchbird,DIB-10K_45,6109.Stitchbird,511
papuan_whipbird,Papuan Whipbird,DIB-10K_45,6110.Papuan Whipbird,5
eastern_whipbird,Eastern Whipbird,DIB-10K_45,6111.Eastern Whipbird,788
black_throated_whipbird,Black-throated Whipbird,DIB-10K_45,6112.Black-throated Whipbird,54
chirruping_wedgebill,Chirruping Wedgebill,DIB-10K_45,6113.Chirruping Wedgebill,118
chiming_wedgebill,Chiming Wedgebill,DIB-10K_45,6114.Chiming Wedgebill,120
spotted_jewel_babbler,Spotted Jewel-babbler,DIB-10K_45,6115.Spotted Jewel-babbler,18
blue_jewel_babbler,Blue Jewel-babbler,DIB-10K_45,6116.Blue Jewel-babbler,16
brown_headed_jewel_babbler,Brown-headed Jewel-babbler,DIB-10K_45,6117.Brown-headed Jewel-babbler,3
chestnut_backed_jewel_babbler,Chestnut-backed Jewel-babbler,DIB-10K_45,6118.Chestnut-backed Jewel-babbler,20
spotted_quail_thrush,Spotted Quail-thrush,DIB-10K_45,6119.Spotted Quail-thrush,227
chestnut_quail_thrush,Chestnut Quail-thrush,DIB-10K_45,6120.Chestnut Quail-thrush,156
copperback_quail_thrush,Copperback Quail-thrush,DIB-10K_45,6121.Copperback Quail-thrush,44
cinnamon_quail_thrush,Cinnamon Quail-thrush,DIB-10K_45,6122.Cinnamon Quail-thrush,143
nullarbor_quail_thrush,Nullarbor Quail-thrush,DIB-10K_45,6123.Nullarbor Quail-thrush,18
chestnut_breasted_quail_thrush,Chestnut-breasted Quail-thrush,DIB-10K_45,6124.Chestnut-breasted Quail-thrush,108
western_quail_thrush,Western Quail-thrush,DIB-10K_45,6125.Western Quail-thrush,45
painted_quail_thrush,Painted Quail-thrush,DIB-10K_45,6126.Painted Quail-thrush,12
african_shrike_flycatcher,African Shrike-flycatcher,DIB-10K_45,6127.African Shrike-flycatcher,61
black_and_white_shrike_flycatcher,Black-and-white Shrike-flycatcher,DIB-10K_45,6128.Black-and-white Shrike-flycatcher,138
rwenzori_batis,Rwenzori Batis,DIB-10K_45,6129.Rwenzori Batis,60
margarets_batis,Margaret's Batis,DIB-10K_45,6130.Margaret's Batis,12
forest_batis,Forest Batis,DIB-10K_45,6131.Forest Batis,27
reichenows_batis,Reichenow's Batis,DIB-10K_45,6132.Reichenow's Batis,1
dark_batis,Dark Batis,DIB-10K_45,6133.Dark Batis,11
cape_batis,Cape Batis,DIB-10K_45,6134.Cape Batis,303
woodwards_batis,Woodward's Batis,DIB-10K_45,6135.Woodward's Batis,39
chinspot_batis,Chinspot Batis,DIB-10K_45,6136.Chinspot Batis,506
senegal_batis,Senegal Batis,DIB-10K_45,6137.Senegal Batis,86
grey_headed_batis,Grey-headed Batis,DIB-10K_45,6138.Grey-headed Batis,74
pale_batis,Pale Batis,DIB-10K_45,6139.Pale Batis,44
pririt_batis,Pririt Batis,DIB-10K_45,6140.Pririt Batis,224
eastern_black_headed_batis,Eastern Black-headed Batis,DIB-10K_45,6141.Eastern Black-headed Batis,53
western_black_headed_batis,Western Black-headed Batis,DIB-10K_45,6142.Western Black-headed Batis,72
pygmy_batis,Pygmy Batis,DIB-10K_45,6143.Pygmy Batis,100
angolan_batis,Angolan Batis,DIB-10K_45,6144.Angolan Batis,8
gabon_batis,Gabon Batis,DIB-10K_45,6145.Gabon Batis,2
ituri_batis,Ituri Batis,DIB-10K_45,6146.Ituri Batis,13
fernando_po_batis,Fernando Po Batis,DIB-10K_45,6147.Fernando Po Batis,7
white_tailed_shrike,White-tailed Shrike,DIB-10K_45,6148.White-tailed Shrike,188
west_african_wattle_eye,West African Wattle-eye,DIB-10K_45,6149.West African Wattle-eye,27
chestnut_wattle_eye,Chestnut Wattle-eye,DIB-10K_45,6150.Chestnut Wattle-eye,61
white_spotted_wattle_eye,White-spotted Wattle-eye,DIB-10K_45,6151.White-spotted Wattle-eye,3
banded_wattle_eye,Banded Wattle-eye,DIB-10K_45,6152.Banded Wattle-eye,12
black_throated_wattle_eye,Black-throated Wattle-eye,DIB-10K_45,6153.Black-throated Wattle-eye,134
white_fronted_wattle_eye,White-fronted Wattle-eye,DIB-10K_45,6154.White-fronted Wattle-eye,28
brown_throated_wattle_eye,Brown-throated Wattle-eye,DIB-10K_45,6155.Brown-throated Wattle-eye,343
yellow_bellied_wattle_eye,Yellow-bellied Wattle-eye,DIB-10K_45,6156.Yellow-bellied Wattle-eye,32
red_cheeked_wattle_eye,Red-cheeked Wattle-eye,DIB-10K_45,6157.Red-cheeked Wattle-eye,13
black_necked_wattle_eye,Black-necked Wattle-eye,DIB-10K_45,6158.Black-necked Wattle-eye,12
jamesons_wattle_eye,Jameson's Wattle-eye,DIB-10K_45,6159.Jameson's Wattle-eye,8
bar_winged_flycatcher_shrike,Bar-winged Flycatcher-shrike,DIB-10K_45,6160.Bar-winged Flycatcher-shrike,481
black_winged_flycatcher_shrike,Black-winged Flycatcher-shrike,DIB-10K_45,6161.Black-winged Flycatcher-shrike,203
large_woodshrike,Large Woodshrike,DIB-10K_45,6162.Large Woodshrike,267
malabar_woodshrike,Malabar Woodshrike,DIB-10K_45,6163.Malabar Woodshrike,186
common_woodshrike,Common Woodshrike,DIB-10K_45,6164.Common Woodshrike,572
sri_lanka_woodshrike,Sri Lanka Woodshrike,DIB-10K_45,6165.Sri Lanka Woodshrike,125
rufous_winged_philentoma,Rufous-winged Philentoma,DIB-10K_45,6166.Rufous-winged Philentoma,125
maroon_breasted_philentoma,Maroon-breasted Philentoma,DIB-10K_45,6167.Maroon-breasted Philentoma,74
white_crested_helmetshrike,White-crested Helmetshrike,DIB-10K_45,6168.White-crested Helmetshrike,528
grey_crested_helmetshrike,Grey-crested Helmetshrike,DIB-10K_45,6169.Grey-crested Helmetshrike,69
yellow_crested_helmetshrike,Yellow-crested Helmetshrike,DIB-10K_45,6170.Yellow-crested Helmetshrike,6
red_billed_helmetshrike,Red-billed Helmetshrike,DIB-10K_45,6171.Red-billed Helmetshrike,65
rufous_bellied_helmetshrike,Rufous-bellied Helmetshrike,DIB-10K_45,6172.Rufous-bellied Helmetshrike,7
retzs_helmetshrike,Retz's Helmetshrike,DIB-10K_45,6173.Retz's Helmetshrike,217
gabela_helmetshrike,Gabela Helmetshrike,DIB-10K_45,6174.Gabela Helmetshrike,24
chestnut_fronted_helmetshrike,Chestnut-fronted Helmetshrike,DIB-10K_45,6175.Chestnut-fronted Helmetshrike,49
fiery_breasted_bushshrike,Fiery-breasted Bushshrike,DIB-10K_45,6176.Fiery-breasted Bushshrike,13
monteiros_bushshrike,Monteiro's Bushshrike,DIB-10K_45,6177.Monteiro's Bushshrike,12
grey_headed_bushshrike,Grey-headed Bushshrike,DIB-10K_45,6178.Grey-headed Bushshrike,292
lagdens_bushshrike,Lagden's Bushshrike,DIB-10K_45,6179.Lagden's Bushshrike,17
green_breasted_bushshrike,Green-breasted Bushshrike,DIB-10K_45,6180.Green-breasted Bushshrike,9
uluguru_bushshrike,Uluguru Bushshrike,DIB-10K_45,6181.Uluguru Bushshrike,9
mount_kupe_bushshrike,Mount Kupe Bushshrike,DIB-10K_45,6182.Mount Kupe Bushshrike,4
many_colored_bushshrike,Many-colored Bushshrike,DIB-10K_45,6183.Many-colored Bushshrike,18
black_fronted_bushshrike,Black-fronted Bushshrike,DIB-10K_45,6184.Black-fronted Bushshrike,34
olive_bushshrike,Olive Bushshrike,DIB-10K_45,6185.Olive Bushshrike,46
bocages_bushshrike,Bocage's Bushshrike,DIB-10K_45,6186.Bocage's Bushshrike,38
orange_breasted_bushshrike,Orange-breasted Bushshrike,DIB-10K_45,6187.Orange-breasted Bushshrike,220
gorgeous_bushshrike,Gorgeous Bushshrike,DIB-10K_45,6188.Gorgeous Bushshrike,41
dohertys_bushshrike,Doherty's Bushshrike,DIB-10K_45,6189.Doherty's Bushshrike,31
bokmakierie,Bokmakierie,DIB-10K_45,6190.Bokmakierie,540
rosy_patched_bushshrike,Rosy-patched Bushshrike,DIB-10K_45,6191.Rosy-patched Bushshrike,245
marsh_tchagra,Marsh Tchagra,DIB-10K_45,6192.Marsh Tchagra,88
brown_crowned_tchagra,Brown-crowned Tchagra,DIB-10K_45,6193.Brown-crowned Tchagra,332
three_streaked_tchagra,Three-streaked Tchagra,DIB-10K_45,6194.Three-streaked Tchagra,55
southern_tchagra,Southern Tchagra,DIB-10K_45,6195.Southern Tchagra,359
black_crowned_tchagra,Black-crowned Tchagra,DIB-10K_45,6196.Black-crowned Tchagra,364
sabines_puffback,Sabine's Puffback,DIB-10K_45,6197.Sabine's Puffback,22
pink_footed_puffback,Pink-footed Puffback,DIB-10K_45,6198.Pink-footed Puffback,31
red_eyed_puffback,Red-eyed Puffback,DIB-10K_45,6199.Red-eyed Puffback,5
black_backed_puffback,Black-backed Puffback,DIB-10K_45,6200.Black-backed Puffback,522
northern_puffback,Northern Puffback,DIB-10K_45,6201.Northern Puffback,194
pringles_puffback,Pringle's Puffback,DIB-10K_45,6202.Pringle's Puffback,42
lowland_sooty_boubou,Lowland Sooty Boubou,DIB-10K_45,6203.Lowland Sooty Boubou,12
mountain_sooty_boubou,Mountain Sooty Boubou,DIB-10K_45,6204.Mountain Sooty Boubou,12
willards_sooty_boubou,Willard's Sooty Boubou,DIB-10K_45,6205.Willard's Sooty Boubou,4
fülleborns_boubou,Fülleborn's Boubou,DIB-10K_45,6206.Fülleborn's Boubou,9
slate_colored_boubou,Slate-colored Boubou,DIB-10K_45,6207.Slate-colored Boubou,204
lühders_bushshrike,Lühder's Bushshrike,DIB-10K_45,6208.Lühder's Bushshrike,58
brauns_bushshrike,Braun's Bushshrike,DIB-10K_45,6209.Braun's Bushshrike,9
gabela_bushshrike,Gabela Bushshrike,DIB-10K_45,6210.Gabela Bushshrike,7
red_naped_bushshrike,Red-naped Bushshrike,DIB-10K_45,6211.Red-naped Bushshrike,37
black_boubou,Black Boubou,DIB-10K_45,6212.Black Boubou,2
ethiopian_boubou,Ethiopian Boubou,DIB-10K_45,6213.Ethiopian Boubou,182
tropical_boubou,Tropical Boubou,DIB-10K_45,6214.Tropical Boubou,234
east_coast_boubou,East Coast Boubou,DIB-10K_45,6215.East Coast Boubou,8
southern_boubou,Southern Boubou,DIB-10K_45,6216.Southern Boubou,467
swamp_boubou,Swamp Boubou,DIB-10K_45,6217.Swamp Boubou,134
turatis_boubou,Turati's Boubou,DIB-10K_45,6218.Turati's Boubou,16
yellow_crowned_gonolek,Yellow-crowned Gonolek,DIB-10K_45,6219.Yellow-crowned Gonolek,374
papyrus_gonolek,Papyrus Gonolek,DIB-10K_45,6220.Papyrus Gonolek,131
black_headed_gonolek,Black-headed Gonolek,DIB-10K_45,6221.Black-headed Gonolek,230
crimson_breasted_shrike,Crimson-breasted Shrike,DIB-10K_45,6222.Crimson-breasted Shrike,699
yellow_breasted_boubou,Yellow-breasted Boubou,DIB-10K_45,6223.Yellow-breasted Boubou,26
brubru,Brubru,DIB-10K_45,6224.Brubru,278
yellow_breasted_boatbill,Yellow-breasted Boatbill,DIB-10K_45,6225.Yellow-breasted Boatbill,167
black_breasted_boatbill,Black-breasted Boatbill,DIB-10K_45,6226.Black-breasted Boatbill,91
red_tailed_vanga,Red-tailed Vanga,DIB-10K_45,6227.Red-tailed Vanga,134
red_shouldered_vanga,Red-shouldered Vanga,DIB-10K_45,6228.Red-shouldered Vanga,127
hook_billed_vanga,Hook-billed Vanga,DIB-10K_45,6229.Hook-billed Vanga,150
berniers_vanga,Bernier's Vanga,DIB-10K_45,6230.Bernier's Vanga,35
lafresnayes_vanga,Lafresnaye's Vanga,DIB-10K_45,6231.Lafresnaye's Vanga,93
van_dams_vanga,Van Dam's Vanga,DIB-10K_45,6232.Van Dam's Vanga,85
pollens_vanga,Pollen's Vanga,DIB-10K_45,6233.Pollen's Vanga,65
sickle_billed_vanga,Sickle-billed Vanga,DIB-10K_45,6234.Sickle-billed Vanga,214
white_headed_vanga,White-headed Vanga,DIB-10K_45,6235.White-headed Vanga,114
chabert_vanga,Chabert Vanga,DIB-10K_45,6236.Chabert Vanga,205
blue_vanga,Blue Vanga,DIB-10K_45,6237.Blue Vanga,176
rufous_vanga,Rufous Vanga,DIB-10K_45,6238.Rufous Vanga,197
helmet_vanga,Helmet Vanga,DIB-10K_45,6239.Helmet Vanga,215
tylas_vanga,Tylas Vanga,DIB-10K_45,6240.Tylas Vanga,88
nuthatch_vanga,Nuthatch Vanga,DIB-10K_45,6241.Nuthatch Vanga,59
dark_newtonia,Dark Newtonia,DIB-10K_45,6242.Dark Newtonia,51
common_newtonia,Common Newtonia,DIB-10K_45,6243.Common Newtonia,143
archbolds_newtonia,Archbold's Newtonia,DIB-10K_45,6244.Archbold's Newtonia,90
red_tailed_newtonia,Red-tailed Newtonia,DIB-10K_45,6245.Red-tailed Newtonia,23
wards_flycatcher,Ward's Flycatcher,DIB-10K_45,6246.Ward's Flycatcher,82
crossleys_vanga,Crossley's Vanga,DIB-10K_45,6247.Crossley's Vanga,49
bornean_bristlehead,Bornean Bristlehead,DIB-10K_45,6248.Bornean Bristlehead,121
ashy_woodswallow,Ashy Woodswallow,DIB-10K_45,6249.Ashy Woodswallow,944
white_breasted_woodswallow,White-breasted Woodswallow,DIB-10K_45,6250.White-breasted Woodswallow,1488
fiji_woodswallow,Fiji Woodswallow,DIB-10K_45,6251.Fiji Woodswallow,108
ivory_backed_woodswallow,Ivory-backed Woodswallow,DIB-10K_45,6252.Ivory-backed Woodswallow,48
great_woodswallow,Great Woodswallow,DIB-10K_45,6253.Great Woodswallow,126
white_backed_woodswallow,White-backed Woodswallow,DIB-10K_45,6254.White-backed Woodswallow,14
masked_woodswallow,Masked Woodswallow,DIB-10K_45,6255.Masked Woodswallow,457
white_browed_woodswallow,White-browed Woodswallow,DIB-10K_45,6256.White-browed Woodswallow,860
black_faced_woodswallow,Black-faced Woodswallow,DIB-10K_45,6257.Black-faced Woodswallow,597
dusky_woodswallow,Dusky Woodswallow,DIB-10K_45,6258.Dusky Woodswallow,1383
little_woodswallow,Little Woodswallow,DIB-10K_45,6259.Little Woodswallow,205
lowland_peltops,Lowland Peltops,DIB-10K_45,6260.Lowland Peltops,47
mountain_peltops,Mountain Peltops,DIB-10K_45,6261.Mountain Peltops,49
black_butcherbird,Black Butcherbird,DIB-10K_45,6262.Black Butcherbird,487
australian_magpie,Australian Magpie,DIB-10K_45,6263.Australian Magpie,2864
grey_butcherbird,Grey Butcherbird,DIB-10K_45,6264.Grey Butcherbird,1983
silver_backed_butcherbird,Silver-backed Butcherbird,DIB-10K_45,6265.Silver-backed Butcherbird,109
black_backed_butcherbird,Black-backed Butcherbird,DIB-10K_45,6266.Black-backed Butcherbird,132
pied_butcherbird,Pied Butcherbird,DIB-10K_45,6267.Pied Butcherbird,1694
hooded_butcherbird,Hooded Butcherbird,DIB-10K_45,6268.Hooded Butcherbird,87
tagula_butcherbird,Tagula Butcherbird,DIB-10K_45,6269.Tagula Butcherbird,3
pied_currawong,Pied Currawong,DIB-10K_45,6270.Pied Currawong,1935
black_currawong,Black Currawong,DIB-10K_45,6271.Black Currawong,455
grey_currawong,Grey Currawong,DIB-10K_45,6272.Grey Currawong,811
mottled_berryhunter,Mottled Berryhunter,DIB-10K_45,6273.Mottled Berryhunter,16
common_iora,Common Iora,DIB-10K_45,6274.Common Iora,1758
marshalls_iora,Marshall's Iora,DIB-10K_45,6275.Marshall's Iora,204
green_iora,Green Iora,DIB-10K_45,6276.Green Iora,174
great_iora,Great Iora,DIB-10K_45,6277.Great Iora,81
ground_cuckooshrike,Ground Cuckooshrike,DIB-10K_45,6278.Ground Cuckooshrike,164
large_cuckooshrike,Large Cuckooshrike,DIB-10K_45,6279.Large Cuckooshrike,456
javan_cuckooshrike,Javan Cuckooshrike,DIB-10K_45,6280.Javan Cuckooshrike,100
black_faced_cuckooshrike,Black-faced Cuckooshrike,DIB-10K_45,6281.Black-faced Cuckooshrike,1336
wallacean_cuckooshrike,Wallacean Cuckooshrike,DIB-10K_45,6282.Wallacean Cuckooshrike,46
buru_cuckooshrike,Buru Cuckooshrike,DIB-10K_45,6283.Buru Cuckooshrike,13
moluccan_cuckooshrike,Moluccan Cuckooshrike,DIB-10K_45,6284.Moluccan Cuckooshrike,45
slaty_cuckooshrike,Slaty Cuckooshrike,DIB-10K_45,6285.Slaty Cuckooshrike,8
south_melanesian_cuckooshrike,South Melanesian Cuckooshrike,DIB-10K_45,6286.South Melanesian Cuckooshrike,80
north_melanesian_cuckooshrike,North Melanesian Cuckooshrike,DIB-10K_45,6287.North Melanesian Cuckooshrike,5
stout_billed_cuckooshrike,Stout-billed Cuckooshrike,DIB-10K_45,6288.Stout-billed Cuckooshrike,30
cerulean_cuckooshrike,Cerulean Cuckooshrike,DIB-10K_45,6289.Cerulean Cuckooshrike,28
sunda_cuckooshrike,Sunda Cuckooshrike,DIB-10K_45,6290.Sunda Cuckooshrike,77
bar_bellied_cuckooshrike,Bar-bellied Cuckooshrike,DIB-10K_45,6291.Bar-bellied Cuckooshrike,65
andaman_cuckooshrike,Andaman Cuckooshrike,DIB-10K_45,6292.Andaman Cuckooshrike,51
pied_cuckooshrike,Pied Cuckooshrike,DIB-10K_45,6293.Pied Cuckooshrike,7
barred_cuckooshrike,Barred Cuckooshrike,DIB-10K_45,6294.Barred Cuckooshrike,193
boyers_cuckooshrike,Boyer's Cuckooshrike,DIB-10K_45,6295.Boyer's Cuckooshrike,35
white_rumped_cuckooshrike,White-rumped Cuckooshrike,DIB-10K_45,6296.White-rumped Cuckooshrike,75
white_bellied_cuckooshrike,White-bellied Cuckooshrike,DIB-10K_45,6297.White-bellied Cuckooshrike,720
manus_cuckooshrike,Manus Cuckooshrike,DIB-10K_45,6298.Manus Cuckooshrike,15
hooded_cuckooshrike,Hooded Cuckooshrike,DIB-10K_45,6299.Hooded Cuckooshrike,35
halmahera_cuckooshrike,Halmahera Cuckooshrike,DIB-10K_45,6300.Halmahera Cuckooshrike,15
pygmy_cuckooshrike,Pygmy Cuckooshrike,DIB-10K_45,6301.Pygmy Cuckooshrike,14
new_caledonian_cuckooshrike,New Caledonian Cuckooshrike,DIB-10K_45,6302.New Caledonian Cuckooshrike,25
grey_cuckooshrike,Grey Cuckooshrike,DIB-10K_45,6303.Grey Cuckooshrike,80
white_breasted_cuckooshrike,White-breasted Cuckooshrike,DIB-10K_45,6304.White-breasted Cuckooshrike,80
grauers_cuckooshrike,Grauer's Cuckooshrike,DIB-10K_45,6305.Grauer's Cuckooshrike,2
madagascan_cuckooshrike,Madagascan Cuckooshrike,DIB-10K_45,6306.Madagascan Cuckooshrike,78
comoros_cuckooshrike,Comoros Cuckooshrike,DIB-10K_45,6307.Comoros Cuckooshrike,9
blue_cuckooshrike,Blue Cuckooshrike,DIB-10K_45,6308.Blue Cuckooshrike,31
mauritius_cuckooshrike,Mauritius Cuckooshrike,DIB-10K_45,6309.Mauritius Cuckooshrike,39
reunion_cuckooshrike,Reunion Cuckooshrike,DIB-10K_45,6310.Reunion Cuckooshrike,13
blackish_cuckooshrike,Blackish Cuckooshrike,DIB-10K_45,6311.Blackish Cuckooshrike,6
pale_shouldered_cicadabird,Pale-shouldered Cicadabird,DIB-10K_45,6312.Pale-shouldered Cicadabird,15
kai_cicadabird,Kai Cicadabird,DIB-10K_45,6313.Kai Cicadabird,10
common_cicadabird,Common Cicadabird,DIB-10K_45,6314.Common Cicadabird,177
palau_cicadabird,Palau Cicadabird,DIB-10K_45,6315.Palau Cicadabird,25
yap_cicadabird,Yap Cicadabird,DIB-10K_45,6316.Yap Cicadabird,1
pohnpei_cicadabird,Pohnpei Cicadabird,DIB-10K_45,6317.Pohnpei Cicadabird,2
grey_capped_cicadabird,Grey-capped Cicadabird,DIB-10K_45,6318.Grey-capped Cicadabird,2
makira_cicadabird,Makira Cicadabird,DIB-10K_45,6319.Makira Cicadabird,4
black_bibbed_cicadabird,Black-bibbed Cicadabird,DIB-10K_45,6320.Black-bibbed Cicadabird,7
sulawesi_cicadabird,Sulawesi Cicadabird,DIB-10K_45,6321.Sulawesi Cicadabird,35
sula_cicadabird,Sula Cicadabird,DIB-10K_45,6322.Sula Cicadabird,2
pale_cicadabird,Pale Cicadabird,DIB-10K_45,6323.Pale Cicadabird,22
black_shouldered_cicadabird,Black-shouldered Cicadabird,DIB-10K_45,6324.Black-shouldered Cicadabird,5
grey_headed_cuckooshrike,Grey-headed Cuckooshrike,DIB-10K_45,6325.Grey-headed Cuckooshrike,25
black_cicadabird,Black Cicadabird,DIB-10K_45,6326.Black Cicadabird,25
black_bellied_cuckooshrike,Black-bellied Cuckooshrike,DIB-10K_45,6327.Black-bellied Cuckooshrike,13
solomons_cuckooshrike,Solomons Cuckooshrike,DIB-10K_45,6328.Solomons Cuckooshrike,14
white_winged_cuckooshrike,White-winged Cuckooshrike,DIB-10K_45,6329.White-winged Cuckooshrike,13
mcgregors_cuckooshrike,McGregor's Cuckooshrike,DIB-10K_45,6330.McGregor's Cuckooshrike,12
indochinese_cuckooshrike,Indochinese Cuckooshrike,DIB-10K_45,6331.Indochinese Cuckooshrike,45
black_winged_cuckooshrike,Black-winged Cuckooshrike,DIB-10K_45,6332.Black-winged Cuckooshrike,197
lesser_cuckooshrike,Lesser Cuckooshrike,DIB-10K_45,6333.Lesser Cuckooshrike,50
black_headed_cuckooshrike,Black-headed Cuckooshrike,DIB-10K_45,6334.Black-headed Cuckooshrike,388
golden_cuckooshrike,Golden Cuckooshrike,DIB-10K_45,6335.Golden Cuckooshrike,27
black_and_white_triller,Black-and-white Triller,DIB-10K_45,6336.Black-and-white Triller,28
pied_triller,Pied Triller,DIB-10K_45,6337.Pied Triller,603
white_rumped_triller,White-rumped Triller,DIB-10K_45,6338.White-rumped Triller,36
white_shouldered_triller,White-shouldered Triller,DIB-10K_45,6339.White-shouldered Triller,321
white_winged_triller,White-winged Triller,DIB-10K_45,6340.White-winged Triller,904
rufous_bellied_triller,Rufous-bellied Triller,DIB-10K_45,6341.Rufous-bellied Triller,67
black_browed_triller,Black-browed Triller,DIB-10K_45,6342.Black-browed Triller,33
white_browed_triller,White-browed Triller,DIB-10K_45,6343.White-browed Triller,9
varied_triller,Varied Triller,DIB-10K_45,6344.Varied Triller,609
mussau_triller,Mussau Triller,DIB-10K_45,6345.Mussau Triller,1
polynesian_triller,Polynesian Triller,DIB-10K_45,6346.Polynesian Triller,158
samoan_triller,Samoan Triller,DIB-10K_45,6347.Samoan Triller,13
long_tailed_triller,Long-tailed Triller,DIB-10K_45,6348.Long-tailed Triller,51
black_cuckooshrike,Black Cuckooshrike,DIB-10K_45,6349.Black Cuckooshrike,170
red_shouldered_cuckooshrike,Red-shouldered Cuckooshrike,DIB-10K_45,6350.Red-shouldered Cuckooshrike,98
petits_cuckooshrike,Petit's Cuckooshrike,DIB-10K_45,6351.Petit's Cuckooshrike,42
purple_throated_cuckooshrike,Purple-throated Cuckooshrike,DIB-10K_45,6352.Purple-throated Cuckooshrike,50
western_wattled_cuckooshrike,Western Wattled Cuckooshrike,DIB-10K_45,6353.Western Wattled Cuckooshrike,2
eastern_wattled_cuckooshrike,Eastern Wattled Cuckooshrike,DIB-10K_45,6354.Eastern Wattled Cuckooshrike,3
rosy_minivet,Rosy Minivet,DIB-10K_45,6355.Rosy Minivet,176
swinhoes_minivet,Swinhoe's Minivet,DIB-10K_45,6356.Swinhoe's Minivet,126
ashy_minivet,Ashy Minivet,DIB-10K_45,6357.Ashy Minivet,408
ryukyu_minivet,Ryukyu Minivet,DIB-10K_45,6358.Ryukyu Minivet,104
small_minivet,Small Minivet,DIB-10K_45,6359.Small Minivet,982
fiery_minivet,Fiery Minivet,DIB-10K_45,6360.Fiery Minivet,84
little_minivet,Little Minivet,DIB-10K_45,6361.Little Minivet,45
white_bellied_minivet,White-bellied Minivet,DIB-10K_45,6362.White-bellied Minivet,241
jerdons_minivet,Jerdon's Minivet,DIB-10K_45,6363.Jerdon's Minivet,40
grey_chinned_minivet,Grey-chinned Minivet,DIB-10K_45,6364.Grey-chinned Minivet,819
long_tailed_minivet,Long-tailed Minivet,DIB-10K_45,6365.Long-tailed Minivet,402
short_billed_minivet,Short-billed Minivet,DIB-10K_45,6366.Short-billed Minivet,184
sunda_minivet,Sunda Minivet,DIB-10K_45,6367.Sunda Minivet,80
orange_minivet,Orange Minivet,DIB-10K_45,6368.Orange Minivet,818
scarlet_minivet,Scarlet Minivet,DIB-10K_45,6369.Scarlet Minivet,640
yellowhead,Yellowhead,DIB-10K_45,6370.Yellowhead,195
whitehead,Whitehead,DIB-10K_45,6371.Whitehead,295
pipipi,Pipipi,DIB-10K_45,6372.Pipipi,137
varied_sittella,Varied Sittella,DIB-10K_45,6373.Varied Sittella,700
papuan_sittella,Papuan Sittella,DIB-10K_45,6374.Papuan Sittella,6
black_sittella,Black Sittella,DIB-10K_45,6375.Black Sittella,24
wattled_ploughbill,Wattled Ploughbill,DIB-10K_45,6376.Wattled Ploughbill,43
rufous_naped_bellbird,Rufous-naped Bellbird,DIB-10K_45,6377.Rufous-naped Bellbird,62
piping_bellbird,Piping Bellbird,DIB-10K_45,6378.Piping Bellbird,5
crested_bellbird,Crested Bellbird,DIB-10K_45,6379.Crested Bellbird,313
crested_shriketit,Crested Shriketit,DIB-10K_45,6380.Crested Shriketit,623
maroon_backed_whistler,Maroon-backed Whistler,DIB-10K_45,6381.Maroon-backed Whistler,10
sangihe_shrikethrush,Sangihe Shrikethrush,DIB-10K_45,6382.Sangihe Shrikethrush,2
black_pitohui,Black Pitohui,DIB-10K_45,6383.Black Pitohui,16
olive_whistler,Olive Whistler,DIB-10K_45,6384.Olive Whistler,274
red_lored_whistler,Red-lored Whistler,DIB-10K_45,6385.Red-lored Whistler,87
gilberts_whistler,Gilbert's Whistler,DIB-10K_45,6386.Gilbert's Whistler,143
mangrove_whistler,Mangrove Whistler,DIB-10K_45,6387.Mangrove Whistler,184
green_backed_whistler,Green-backed Whistler,DIB-10K_45,6388.Green-backed Whistler,42
white_vented_whistler,White-vented Whistler,DIB-10K_45,6389.White-vented Whistler,42
island_whistler,Island Whistler,DIB-10K_45,6390.Island Whistler,27
rusty_whistler,Rusty Whistler,DIB-10K_45,6391.Rusty Whistler,7
brown_backed_whistler,Brown-backed Whistler,DIB-10K_45,6392.Brown-backed Whistler,28
yellow_bellied_whistler,Yellow-bellied Whistler,DIB-10K_45,6393.Yellow-bellied Whistler,40
sulphur_vented_whistler,Sulphur-vented Whistler,DIB-10K_45,6394.Sulphur-vented Whistler,55
bornean_whistler,Bornean Whistler,DIB-10K_45,6395.Bornean Whistler,132
vogelkop_whistler,Vogelkop Whistler,DIB-10K_45,6396.Vogelkop Whistler,13
grey_whistler,Grey Whistler,DIB-10K_45,6397.Grey Whistler,262
fawn_breasted_whistler,Fawn-breasted Whistler,DIB-10K_45,6398.Fawn-breasted Whistler,38
sclaters_whistler,Sclater's Whistler,DIB-10K_45,6399.Sclater's Whistler,26
rusty_breasted_whistler,Rusty-breasted Whistler,DIB-10K_45,6400.Rusty-breasted Whistler,58
yellow_throated_whistler,Yellow-throated Whistler,DIB-10K_45,6401.Yellow-throated Whistler,39
baliem_whistler,Baliem Whistler,DIB-10K_45,6402.Baliem Whistler,3
black_chinned_whistler,Black-chinned Whistler,DIB-10K_45,6403.Black-chinned Whistler,40
australian_golden_whistler,Australian Golden Whistler,DIB-10K_45,6404.Australian Golden Whistler,1578
western_whistler,Western Whistler,DIB-10K_45,6405.Western Whistler,127
bismarck_whistler,Bismarck Whistler,DIB-10K_45,6406.Bismarck Whistler,7
oriole_whistler,Oriole Whistler,DIB-10K_45,6407.Oriole Whistler,20
louisiade_whistler,Louisiade Whistler,DIB-10K_45,6408.Louisiade Whistler,11
rennell_whistler,Rennell Whistler,DIB-10K_45,6409.Rennell Whistler,6
melanesian_whistler,Melanesian Whistler,DIB-10K_45,6410.Melanesian Whistler,7
new_caledonian_whistler,New Caledonian Whistler,DIB-10K_45,6411.New Caledonian Whistler,57
fiji_whistler,Fiji Whistler,DIB-10K_45,6412.Fiji Whistler,37
temotu_whistler,Temotu Whistler,DIB-10K_45,6413.Temotu Whistler,7
tongan_whistler,Tongan Whistler,DIB-10K_45,6414.Tongan Whistler,24
mangrove_golden_whistler,Mangrove Golden Whistler,DIB-10K_45,6415.Mangrove Golden Whistler,100
samoan_whistler,Samoan Whistler,DIB-10K_45,6416.Samoan Whistler,26
hooded_whistler,Hooded Whistler,DIB-10K_45,6417.Hooded Whistler,5
bougainville_whistler,Bougainville Whistler,DIB-10K_45,6418.Bougainville Whistler,1
bare_throated_whistler,Bare-throated Whistler,DIB-10K_45,6419.Bare-throated Whistler,36
lorentzs_whistler,Lorentz's Whistler,DIB-10K_45,6420.Lorentz's Whistler,18
regent_whistler,Regent Whistler,DIB-10K_45,6421.Regent Whistler,77
golden_backed_whistler,Golden-backed Whistler,DIB-10K_45,6422.Golden-backed Whistler,4
rufous_whistler,Rufous Whistler,DIB-10K_45,6423.Rufous Whistler,1780
black_headed_whistler,Black-headed Whistler,DIB-10K_45,6424.Black-headed Whistler,19
white_bellied_whistler,White-bellied Whistler,DIB-10K_45,6425.White-bellied Whistler,12
wallacean_whistler,Wallacean Whistler,DIB-10K_45,6426.Wallacean Whistler,41
drab_whistler,Drab Whistler,DIB-10K_45,6427.Drab Whistler,52
cinnamon_breasted_whistler,Cinnamon-breasted Whistler,DIB-10K_45,6428.Cinnamon-breasted Whistler,9
white_breasted_whistler,White-breasted Whistler,DIB-10K_45,6429.White-breasted Whistler,100
morningbird,Morningbird,DIB-10K_45,6430.Morningbird,27
white_bellied_pitohui,White-bellied Pitohui,DIB-10K_45,6431.White-bellied Pitohui,17
rusty_pitohui,Rusty Pitohui,DIB-10K_45,6432.Rusty Pitohui,23
bowers_shrikethrush,Bower's Shrikethrush,DIB-10K_45,6433.Bower's Shrikethrush,71
sooty_shrikethrush,Sooty Shrikethrush,DIB-10K_45,6434.Sooty Shrikethrush,2
arafura_shrikethrush,Arafura Shrikethrush,DIB-10K_45,6435.Arafura Shrikethrush,124
grey_shrikethrush,Grey Shrikethrush,DIB-10K_45,6436.Grey Shrikethrush,1475
sandstone_shrikethrush,Sandstone Shrikethrush,DIB-10K_45,6437.Sandstone Shrikethrush,83
yellow_billed_shrike,Yellow-billed Shrike,DIB-10K_45,6438.Yellow-billed Shrike,430
magpie_shrike,Magpie Shrike,DIB-10K_45,6439.Magpie Shrike,971
northern_white_crowned_shrike,Northern White-crowned Shrike,DIB-10K_45,6440.Northern White-crowned Shrike,317
southern_white_crowned_shrike,Southern White-crowned Shrike,DIB-10K_45,6441.Southern White-crowned Shrike,406
tiger_shrike,Tiger Shrike,DIB-10K_45,6442.Tiger Shrike,953
souzas_shrike,Souza's Shrike,DIB-10K_45,6443.Souza's Shrike,50
bull_headed_shrike,Bull-headed Shrike,DIB-10K_45,6444.Bull-headed Shrike,1099
,,DIB-10K_45,,0
