bird_name,bird_name_raw,dataset_part,folder,nb_images
elegant_pitta,Elegant Pitta,DIB-10K_40,4460.Elegant Pitta,176
rainbow_pitta,Rainbow Pitta,DIB-10K_40,4461.Rainbow Pitta,263
noisy_pitta,Noisy Pitta,DIB-10K_40,4462.Noisy Pitta,385
black_faced_pitta,Black-faced Pitta,DIB-10K_40,4463.Black-faced Pitta,41
campo_miner,Campo Miner,DIB-10K_40,4464.Campo Miner,91
common_miner,Common Miner,DIB-10K_40,4465.Common Miner,322
puna_miner,Puna Miner,DIB-10K_40,4466.Puna Miner,175
short_billed_miner,Short-billed Miner,DIB-10K_40,4467.Short-billed Miner,66
slender_billed_miner,Slender-billed Miner,DIB-10K_40,4468.Slender-billed Miner,131
greyish_miner,Greyish Miner,DIB-10K_40,4469.Greyish Miner,89
coastal_miner,Coastal Miner,DIB-10K_40,4470.Coastal Miner,206
dark_winged_miner,Dark-winged Miner,DIB-10K_40,4471.Dark-winged Miner,70
rufous_banded_miner,Rufous-banded Miner,DIB-10K_40,4472.Rufous-banded Miner,363
creamy_rumped_miner,Creamy-rumped Miner,DIB-10K_40,4473.Creamy-rumped Miner,122
thick_billed_miner,Thick-billed Miner,DIB-10K_40,4474.Thick-billed Miner,95
straight_billed_earthcreeper,Straight-billed Earthcreeper,DIB-10K_40,4475.Straight-billed Earthcreeper,150
rock_earthcreeper,Rock Earthcreeper,DIB-10K_40,4476.Rock Earthcreeper,54
band_tailed_earthcreeper,Band-tailed Earthcreeper,DIB-10K_40,4477.Band-tailed Earthcreeper,134
crag_chilia,Crag Chilia,DIB-10K_40,4478.Crag Chilia,129
buff_breasted_earthcreeper,Buff-breasted Earthcreeper,DIB-10K_40,4479.Buff-breasted Earthcreeper,166
white_throated_earthcreeper,White-throated Earthcreeper,DIB-10K_40,4480.White-throated Earthcreeper,75
scale_throated_earthcreeper,Scale-throated Earthcreeper,DIB-10K_40,4481.Scale-throated Earthcreeper,295
patagonian_forest_earthcreeper,Patagonian Forest Earthcreeper,DIB-10K_40,4482.Patagonian Forest Earthcreeper,66
striated_earthcreeper,Striated Earthcreeper,DIB-10K_40,4483.Striated Earthcreeper,61
bolivian_earthcreeper,Bolivian Earthcreeper,DIB-10K_40,4484.Bolivian Earthcreeper,35
chaco_earthcreeper,Chaco Earthcreeper,DIB-10K_40,4485.Chaco Earthcreeper,140
long_tailed_cinclodes,Long-tailed Cinclodes,DIB-10K_40,4486.Long-tailed Cinclodes,154
blackish_cinclodes,Blackish Cinclodes,DIB-10K_40,4487.Blackish Cinclodes,211
buff_winged_cinclodes,Buff-winged Cinclodes,DIB-10K_40,4488.Buff-winged Cinclodes,796
chestnut_winged_cinclodes,Chestnut-winged Cinclodes,DIB-10K_40,4489.Chestnut-winged Cinclodes,303
cordoba_cinclodes,Cordoba Cinclodes,DIB-10K_40,4490.Cordoba Cinclodes,62
cream_winged_cinclodes,Cream-winged Cinclodes,DIB-10K_40,4491.Cream-winged Cinclodes,338
olrogs_cinclodes,Olrog's Cinclodes,DIB-10K_40,4492.Olrog's Cinclodes,93
stout_billed_cinclodes,Stout-billed Cinclodes,DIB-10K_40,4493.Stout-billed Cinclodes,464
royal_cinclodes,Royal Cinclodes,DIB-10K_40,4494.Royal Cinclodes,76
white_winged_cinclodes,White-winged Cinclodes,DIB-10K_40,4495.White-winged Cinclodes,263
white_bellied_cinclodes,White-bellied Cinclodes,DIB-10K_40,4496.White-bellied Cinclodes,141
grey_flanked_cinclodes,Grey-flanked Cinclodes,DIB-10K_40,4497.Grey-flanked Cinclodes,346
dark_bellied_cinclodes,Dark-bellied Cinclodes,DIB-10K_40,4498.Dark-bellied Cinclodes,793
peruvian_seaside_cinclodes,Peruvian Seaside Cinclodes,DIB-10K_40,4499.Peruvian Seaside Cinclodes,151
chilean_seaside_cinclodes,Chilean Seaside Cinclodes,DIB-10K_40,4500.Chilean Seaside Cinclodes,300
lesser_hornero,Lesser Hornero,DIB-10K_40,4501.Lesser Hornero,121
band_tailed_hornero,Band-tailed Hornero,DIB-10K_40,4502.Band-tailed Hornero,438
pale_legged_hornero,Pale-legged Hornero,DIB-10K_40,4503.Pale-legged Hornero,757
pacific_hornero,Pacific Hornero,DIB-10K_40,4504.Pacific Hornero,181
caribbean_hornero,Caribbean Hornero,DIB-10K_40,4505.Caribbean Hornero,46
bay_hornero,Bay Hornero,DIB-10K_40,4506.Bay Hornero,24
rufous_hornero,Rufous Hornero,DIB-10K_40,4507.Rufous Hornero,2500
crested_hornero,Crested Hornero,DIB-10K_40,4508.Crested Hornero,138
des_murss_wiretail,Des Murs's Wiretail,DIB-10K_40,4509.Des Murs's Wiretail,82
thorn_tailed_rayadito,Thorn-tailed Rayadito,DIB-10K_40,4510.Thorn-tailed Rayadito,592
masafuera_rayadito,Masafuera Rayadito,DIB-10K_40,4511.Masafuera Rayadito,21
brown_capped_tit_spinetail,Brown-capped Tit-Spinetail,DIB-10K_40,4512.Brown-capped Tit-Spinetail,80
tawny_tit_spinetail,Tawny Tit-Spinetail,DIB-10K_40,4513.Tawny Tit-Spinetail,83
tufted_tit_spinetail,Tufted Tit-Spinetail,DIB-10K_40,4514.Tufted Tit-Spinetail,177
plain_mantled_tit_spinetail,Plain-mantled Tit-Spinetail,DIB-10K_40,4515.Plain-mantled Tit-Spinetail,467
striolated_tit_spinetail,Striolated Tit-Spinetail,DIB-10K_40,4516.Striolated Tit-Spinetail,68
rusty_crowned_tit_spinetail,Rusty-crowned Tit-Spinetail,DIB-10K_40,4517.Rusty-crowned Tit-Spinetail,52
white_browed_tit_spinetail,White-browed Tit-Spinetail,DIB-10K_40,4518.White-browed Tit-Spinetail,52
streak_backed_tit_spinetail,Streak-backed Tit-Spinetail,DIB-10K_40,4519.Streak-backed Tit-Spinetail,56
andean_tit_spinetail,Andean Tit-Spinetail,DIB-10K_40,4520.Andean Tit-Spinetail,247
araucaria_tit_spinetail,Araucaria Tit-Spinetail,DIB-10K_40,4521.Araucaria Tit-Spinetail,127
perija_thistletail,Perija Thistletail,DIB-10K_40,4522.Perija Thistletail,80
white_chinned_thistletail,White-chinned Thistletail,DIB-10K_40,4523.White-chinned Thistletail,176
vilcabamba_thistletail,Vilcabamba Thistletail,DIB-10K_40,4524.Vilcabamba Thistletail,14
ochre_browed_thistletail,Ochre-browed Thistletail,DIB-10K_40,4526.Ochre-browed Thistletail,37
mouse_colored_thistletail,Mouse-colored Thistletail,DIB-10K_40,4527.Mouse-colored Thistletail,40
eye_ringed_thistletail,Eye-ringed Thistletail,DIB-10K_40,4528.Eye-ringed Thistletail,48
puna_thistletail,Puna Thistletail,DIB-10K_40,4529.Puna Thistletail,45
black_throated_thistletail,Black-throated Thistletail,DIB-10K_40,4530.Black-throated Thistletail,35
itatiaia_spinetail,Itatiaia Spinetail,DIB-10K_40,4531.Itatiaia Spinetail,84
sharp_billed_canastero,Sharp-billed Canastero,DIB-10K_40,4532.Sharp-billed Canastero,174
short_billed_canastero,Short-billed Canastero,DIB-10K_40,4533.Short-billed Canastero,175
canyon_canastero,Canyon Canastero,DIB-10K_40,4534.Canyon Canastero,70
rusty_fronted_canastero,Rusty-fronted Canastero,DIB-10K_40,4535.Rusty-fronted Canastero,39
maquis_canastero,Maquis Canastero,DIB-10K_40,4536.Maquis Canastero,20
cordilleran_canastero,Cordilleran Canastero,DIB-10K_40,4537.Cordilleran Canastero,325
streak_throated_canastero,Streak-throated Canastero,DIB-10K_40,4538.Streak-throated Canastero,139
rusty_vented_canastero,Rusty-vented Canastero,DIB-10K_40,4539.Rusty-vented Canastero,75
dark_winged_canastero,Dark-winged Canastero,DIB-10K_40,4540.Dark-winged Canastero,44
pale_tailed_canastero,Pale-tailed Canastero,DIB-10K_40,4541.Pale-tailed Canastero,30
berlepschs_canastero,Berlepsch's Canastero,DIB-10K_40,4542.Berlepsch's Canastero,33
cipo_canastero,Cipo Canastero,DIB-10K_40,4543.Cipo Canastero,81
streak_backed_canastero,Streak-backed Canastero,DIB-10K_40,4544.Streak-backed Canastero,116
puna_canastero,Puna Canastero,DIB-10K_40,4545.Puna Canastero,78
austral_canastero,Austral Canastero,DIB-10K_40,4546.Austral Canastero,173
hudsons_canastero,Hudson's Canastero,DIB-10K_40,4547.Hudson's Canastero,70
line_fronted_canastero,Line-fronted Canastero,DIB-10K_40,4548.Line-fronted Canastero,64
many_striped_canastero,Many-striped Canastero,DIB-10K_40,4549.Many-striped Canastero,287
junin_canastero,Junin Canastero,DIB-10K_40,4550.Junin Canastero,93
scribble_tailed_canastero,Scribble-tailed Canastero,DIB-10K_40,4551.Scribble-tailed Canastero,57
dusky_tailed_canastero,Dusky-tailed Canastero,DIB-10K_40,4552.Dusky-tailed Canastero,116
patagonian_canastero,Patagonian Canastero,DIB-10K_40,4553.Patagonian Canastero,47
cactus_canastero,Cactus Canastero,DIB-10K_40,4554.Cactus Canastero,75
steinbachs_canastero,Steinbach's Canastero,DIB-10K_40,4555.Steinbach's Canastero,34
chotoy_spinetail,Chotoy Spinetail,DIB-10K_40,4556.Chotoy Spinetail,354
white_whiskered_spinetail,White-whiskered Spinetail,DIB-10K_40,4557.White-whiskered Spinetail,131
hoary_throated_spinetail,Hoary-throated Spinetail,DIB-10K_40,4558.Hoary-throated Spinetail,34
ochre_cheeked_spinetail,Ochre-cheeked Spinetail,DIB-10K_40,4559.Ochre-cheeked Spinetail,61
rufous_spinetail,Rufous Spinetail,DIB-10K_40,4560.Rufous Spinetail,101
black_throated_spinetail,Black-throated Spinetail,DIB-10K_40,4561.Black-throated Spinetail,39
rusty_headed_spinetail,Rusty-headed Spinetail,DIB-10K_40,4562.Rusty-headed Spinetail,36
rufous_capped_spinetail,Rufous-capped Spinetail,DIB-10K_40,4563.Rufous-capped Spinetail,213
bahia_spinetail,Bahia Spinetail,DIB-10K_40,4564.Bahia Spinetail,19
pintos_spinetail,Pinto's Spinetail,DIB-10K_40,4565.Pinto's Spinetail,27
stripe_breasted_spinetail,Stripe-breasted Spinetail,DIB-10K_40,4566.Stripe-breasted Spinetail,58
grey_bellied_spinetail,Grey-bellied Spinetail,DIB-10K_40,4567.Grey-bellied Spinetail,79
silvery_throated_spinetail,Silvery-throated Spinetail,DIB-10K_40,4568.Silvery-throated Spinetail,69
sooty_fronted_spinetail,Sooty-fronted Spinetail,DIB-10K_40,4569.Sooty-fronted Spinetail,370
azaras_spinetail,Azara's Spinetail,DIB-10K_40,4570.Azara's Spinetail,235
apurimac_spinetail,Apurimac Spinetail,DIB-10K_40,4571.Apurimac Spinetail,24
pale_breasted_spinetail,Pale-breasted Spinetail,DIB-10K_40,4572.Pale-breasted Spinetail,455
rio_orinoco_spinetail,Rio Orinoco Spinetail,DIB-10K_40,4573.Rio Orinoco Spinetail,7
dark_breasted_spinetail,Dark-breasted Spinetail,DIB-10K_40,4574.Dark-breasted Spinetail,68
cinereous_breasted_spinetail,Cinereous-breasted Spinetail,DIB-10K_40,4575.Cinereous-breasted Spinetail,55
spixs_spinetail,Spix's Spinetail,DIB-10K_40,4576.Spix's Spinetail,327
ruddy_spinetail,Ruddy Spinetail,DIB-10K_40,4577.Ruddy Spinetail,70
chestnut_throated_spinetail,Chestnut-throated Spinetail,DIB-10K_40,4578.Chestnut-throated Spinetail,16
rufous_breasted_spinetail,Rufous-breasted Spinetail,DIB-10K_40,4579.Rufous-breasted Spinetail,123
slaty_spinetail,Slaty Spinetail,DIB-10K_40,4580.Slaty Spinetail,177
blackish_headed_spinetail,Blackish-headed Spinetail,DIB-10K_40,4581.Blackish-headed Spinetail,17
white_bellied_spinetail,White-bellied Spinetail,DIB-10K_40,4582.White-bellied Spinetail,25
mcconnells_spinetail,McConnell's Spinetail,DIB-10K_40,4583.McConnell's Spinetail,14
dusky_spinetail,Dusky Spinetail,DIB-10K_40,4584.Dusky Spinetail,14
cabaniss_spinetail,Cabanis's Spinetail,DIB-10K_40,4585.Cabanis's Spinetail,6
plain_crowned_spinetail,Plain-crowned Spinetail,DIB-10K_40,4586.Plain-crowned Spinetail,88
maranon_spinetail,Maranon Spinetail,DIB-10K_40,4587.Maranon Spinetail,9
white_lored_spinetail,White-lored Spinetail,DIB-10K_40,4588.White-lored Spinetail,62
russet_bellied_spinetail,Russet-bellied Spinetail,DIB-10K_40,4589.Russet-bellied Spinetail,25
necklaced_spinetail,Necklaced Spinetail,DIB-10K_40,4590.Necklaced Spinetail,65
great_spinetail,Great Spinetail,DIB-10K_40,4591.Great Spinetail,36
red_shouldered_spinetail,Red-shouldered Spinetail,DIB-10K_40,4592.Red-shouldered Spinetail,45
white_browed_spinetail,White-browed Spinetail,DIB-10K_40,4593.White-browed Spinetail,61
marcapata_spinetail,Marcapata Spinetail,DIB-10K_40,4594.Marcapata Spinetail,89
light_crowned_spinetail,Light-crowned Spinetail,DIB-10K_40,4595.Light-crowned Spinetail,47
rusty_backed_spinetail,Rusty-backed Spinetail,DIB-10K_40,4596.Rusty-backed Spinetail,161
coiba_spinetail,Coiba Spinetail,DIB-10K_40,4597.Coiba Spinetail,9
parkers_spinetail,Parker's Spinetail,DIB-10K_40,4598.Parker's Spinetail,51
sulphur_bearded_spinetail,Sulphur-bearded Spinetail,DIB-10K_40,4599.Sulphur-bearded Spinetail,100
crested_spinetail,Crested Spinetail,DIB-10K_40,4600.Crested Spinetail,75
stripe_crowned_spinetail,Stripe-crowned Spinetail,DIB-10K_40,4601.Stripe-crowned Spinetail,305
bolivian_spinetail,Bolivian Spinetail,DIB-10K_40,4602.Bolivian Spinetail,27
olive_spinetail,Olive Spinetail,DIB-10K_40,4603.Olive Spinetail,109
pallid_spinetail,Pallid Spinetail,DIB-10K_40,4604.Pallid Spinetail,197
grey_headed_spinetail,Grey-headed Spinetail,DIB-10K_40,4605.Grey-headed Spinetail,40
creamy_crested_spinetail,Creamy-crested Spinetail,DIB-10K_40,4606.Creamy-crested Spinetail,87
red_faced_spinetail,Red-faced Spinetail,DIB-10K_40,4607.Red-faced Spinetail,334
tepui_spinetail,Tepui Spinetail,DIB-10K_40,4608.Tepui Spinetail,16
streak_capped_spinetail,Streak-capped Spinetail,DIB-10K_40,4609.Streak-capped Spinetail,58
ash_browed_spinetail,Ash-browed Spinetail,DIB-10K_40,4610.Ash-browed Spinetail,63
line_cheeked_spinetail,Line-cheeked Spinetail,DIB-10K_40,4611.Line-cheeked Spinetail,58
speckled_spinetail,Speckled Spinetail,DIB-10K_40,4613.Speckled Spinetail,31
scaled_spinetail,Scaled Spinetail,DIB-10K_40,4614.Scaled Spinetail,22
yellow_chinned_spinetail,Yellow-chinned Spinetail,DIB-10K_40,4615.Yellow-chinned Spinetail,1203
red_and_white_spinetail,Red-and-white Spinetail,DIB-10K_40,4616.Red-and-white Spinetail,74
orinoco_softtail,Orinoco Softtail,DIB-10K_40,4617.Orinoco Softtail,17
delta_amacuro_softtail,Delta Amacuro Softtail,DIB-10K_40,4618.Delta Amacuro Softtail,4
striated_softtail,Striated Softtail,DIB-10K_40,4619.Striated Softtail,58
plain_softtail,Plain Softtail,DIB-10K_40,4620.Plain Softtail,33
russet_mantled_softtail,Russet-mantled Softtail,DIB-10K_40,4621.Russet-mantled Softtail,39
rufous_fronted_thornbird,Rufous-fronted Thornbird,DIB-10K_40,4622.Rufous-fronted Thornbird,405
plain_thornbird,Plain Thornbird,DIB-10K_40,4623.Plain Thornbird,32
little_thornbird,Little Thornbird,DIB-10K_40,4624.Little Thornbird,88
streak_fronted_thornbird,Streak-fronted Thornbird,DIB-10K_40,4625.Streak-fronted Thornbird,67
freckle_breasted_thornbird,Freckle-breasted Thornbird,DIB-10K_40,4626.Freckle-breasted Thornbird,306
spot_breasted_thornbird,Spot-breasted Thornbird,DIB-10K_40,4627.Spot-breasted Thornbird,46
chestnut_backed_thornbird,Chestnut-backed Thornbird,DIB-10K_40,4628.Chestnut-backed Thornbird,48
greater_thornbird,Greater Thornbird,DIB-10K_40,4629.Greater Thornbird,385
orange_eyed_thornbird,Orange-eyed Thornbird,DIB-10K_40,4630.Orange-eyed Thornbird,183
orange_breasted_thornbird,Orange-breasted Thornbird,DIB-10K_40,4631.Orange-breasted Thornbird,149
canebrake_groundcreeper,Canebrake Groundcreeper,DIB-10K_40,4632.Canebrake Groundcreeper,51
bay_capped_wren_spinetail,Bay-capped Wren-Spinetail,DIB-10K_40,4633.Bay-capped Wren-Spinetail,100
wren_like_rushbird,Wren-like Rushbird,DIB-10K_40,4634.Wren-like Rushbird,477
curve_billed_reedhaunter,Curve-billed Reedhaunter,DIB-10K_40,4635.Curve-billed Reedhaunter,159
straight_billed_reedhaunter,Straight-billed Reedhaunter,DIB-10K_40,4636.Straight-billed Reedhaunter,142
firewood_gatherer,Firewood-gatherer,DIB-10K_40,4637.Firewood-gatherer,561
lark_like_brushrunner,Lark-like Brushrunner,DIB-10K_40,4638.Lark-like Brushrunner,308
spectacled_prickletail,Spectacled Prickletail,DIB-10K_40,4639.Spectacled Prickletail,15
orange_fronted_plushcrown,Orange-fronted Plushcrown,DIB-10K_40,4640.Orange-fronted Plushcrown,46
double_banded_greytail,Double-banded Greytail,DIB-10K_40,4641.Double-banded Greytail,41
equatorial_greytail,Equatorial Greytail,DIB-10K_40,4642.Equatorial Greytail,18
rusty_winged_barbtail,Rusty-winged Barbtail,DIB-10K_40,4643.Rusty-winged Barbtail,25
spotted_barbtail,Spotted Barbtail,DIB-10K_40,4644.Spotted Barbtail,152
white_throated_barbtail,White-throated Barbtail,DIB-10K_40,4645.White-throated Barbtail,5
roraiman_barbtail,Roraiman Barbtail,DIB-10K_40,4646.Roraiman Barbtail,26
pink_legged_graveteiro,Pink-legged Graveteiro,DIB-10K_40,4647.Pink-legged Graveteiro,50
ruddy_treerunner,Ruddy Treerunner,DIB-10K_40,4648.Ruddy Treerunner,141
star_chested_treerunner,Star-chested Treerunner,DIB-10K_40,4649.Star-chested Treerunner,38
beautiful_treerunner,Beautiful Treerunner,DIB-10K_40,4650.Beautiful Treerunner,12
pearled_treerunner,Pearled Treerunner,DIB-10K_40,4651.Pearled Treerunner,266
caatinga_cacholote,Caatinga Cacholote,DIB-10K_40,4652.Caatinga Cacholote,227
grey_crested_cacholote,Grey-crested Cacholote,DIB-10K_40,4653.Grey-crested Cacholote,207
brown_cacholote,Brown Cacholote,DIB-10K_40,4654.Brown Cacholote,322
white_throated_cacholote,White-throated Cacholote,DIB-10K_40,4655.White-throated Cacholote,105
buffy_tuftedcheek,Buffy Tuftedcheek,DIB-10K_40,4656.Buffy Tuftedcheek,78
pacific_tuftedcheek,Pacific Tuftedcheek,DIB-10K_40,4657.Pacific Tuftedcheek,11
streaked_tuftedcheek,Streaked Tuftedcheek,DIB-10K_40,4658.Streaked Tuftedcheek,122
point_tailed_palmcreeper,Point-tailed Palmcreeper,DIB-10K_40,4659.Point-tailed Palmcreeper,144
scaly_throated_foliage_gleaner,Scaly-throated Foliage-gleaner,DIB-10K_40,4660.Scaly-throated Foliage-gleaner,131
montane_foliage_gleaner,Montane Foliage-gleaner,DIB-10K_40,4661.Montane Foliage-gleaner,132
white_browed_foliage_gleaner,White-browed Foliage-gleaner,DIB-10K_40,4662.White-browed Foliage-gleaner,64
guttulate_foliage_gleaner,Guttulate Foliage-gleaner,DIB-10K_40,4663.Guttulate Foliage-gleaner,21
lineated_foliage_gleaner,Lineated Foliage-gleaner,DIB-10K_40,4664.Lineated Foliage-gleaner,96
buff_browed_foliage_gleaner,Buff-browed Foliage-gleaner,DIB-10K_40,4665.Buff-browed Foliage-gleaner,244
rufous_necked_foliage_gleaner,Rufous-necked Foliage-gleaner,DIB-10K_40,4666.Rufous-necked Foliage-gleaner,20
planalto_foliage_gleaner,Planalto Foliage-gleaner,DIB-10K_40,4667.Planalto Foliage-gleaner,31
tepui_foliage_gleaner,Tepui Foliage-gleaner,DIB-10K_40,4668.Tepui Foliage-gleaner,10
peruvian_recurvebill,Peruvian Recurvebill,DIB-10K_40,4669.Peruvian Recurvebill,13
bolivian_recurvebill,Bolivian Recurvebill,DIB-10K_40,4670.Bolivian Recurvebill,17
chestnut_winged_hookbill,Chestnut-winged Hookbill,DIB-10K_40,4671.Chestnut-winged Hookbill,47
eastern_woodhaunter,Eastern Woodhaunter,DIB-10K_40,4672.Eastern Woodhaunter,13
western_woodhaunter,Western Woodhaunter,DIB-10K_40,4673.Western Woodhaunter,7
rufous_tailed_foliage_gleaner,Rufous-tailed Foliage-gleaner,DIB-10K_40,4674.Rufous-tailed Foliage-gleaner,28
slaty_winged_foliage_gleaner,Slaty-winged Foliage-gleaner,DIB-10K_40,4675.Slaty-winged Foliage-gleaner,28
rufous_rumped_foliage_gleaner,Rufous-rumped Foliage-gleaner,DIB-10K_40,4676.Rufous-rumped Foliage-gleaner,39
chestnut_winged_foliage_gleaner,Chestnut-winged Foliage-gleaner,DIB-10K_40,4677.Chestnut-winged Foliage-gleaner,23
ochre_breasted_foliage_gleaner,Ochre-breasted Foliage-gleaner,DIB-10K_40,4678.Ochre-breasted Foliage-gleaner,87
alagoas_foliage_gleaner,Alagoas Foliage-gleaner,DIB-10K_40,4679.Alagoas Foliage-gleaner,46
black_capped_foliage_gleaner,Black-capped Foliage-gleaner,DIB-10K_40,4680.Black-capped Foliage-gleaner,144
buff_fronted_foliage_gleaner,Buff-fronted Foliage-gleaner,DIB-10K_40,4681.Buff-fronted Foliage-gleaner,370
cinnamon_rumped_foliage_gleaner,Cinnamon-rumped Foliage-gleaner,DIB-10K_40,4682.Cinnamon-rumped Foliage-gleaner,17
bamboo_foliage_gleaner,Bamboo Foliage-gleaner,DIB-10K_40,4683.Bamboo Foliage-gleaner,14
white_collared_foliage_gleaner,White-collared Foliage-gleaner,DIB-10K_40,4684.White-collared Foliage-gleaner,96
pale_browed_treehunter,Pale-browed Treehunter,DIB-10K_40,4685.Pale-browed Treehunter,90
cryptic_treehunter,Cryptic Treehunter,DIB-10K_40,4686.Cryptic Treehunter,11
uniform_treehunter,Uniform Treehunter,DIB-10K_40,4687.Uniform Treehunter,42
streak_breasted_treehunter,Streak-breasted Treehunter,DIB-10K_40,4688.Streak-breasted Treehunter,99
black_billed_treehunter,Black-billed Treehunter,DIB-10K_40,4689.Black-billed Treehunter,32
striped_treehunter,Striped Treehunter,DIB-10K_40,4690.Striped Treehunter,51
streak_capped_treehunter,Streak-capped Treehunter,DIB-10K_40,4691.Streak-capped Treehunter,107
flammulated_treehunter,Flammulated Treehunter,DIB-10K_40,4692.Flammulated Treehunter,66
peruvian_treehunter,Peruvian Treehunter,DIB-10K_40,4693.Peruvian Treehunter,7
buff_throated_foliage_gleaner,Buff-throated Foliage-gleaner,DIB-10K_40,4694.Buff-throated Foliage-gleaner,143
olive_backed_foliage_gleaner,Olive-backed Foliage-gleaner,DIB-10K_40,4695.Olive-backed Foliage-gleaner,24
para_foliage_gleaner,Para Foliage-gleaner,DIB-10K_40,4696.Para Foliage-gleaner,16
white_eyed_foliage_gleaner,White-eyed Foliage-gleaner,DIB-10K_40,4697.White-eyed Foliage-gleaner,186
pernambuco_foliage_gleaner,Pernambuco Foliage-gleaner,DIB-10K_40,4698.Pernambuco Foliage-gleaner,10
brown_rumped_foliage_gleaner,Brown-rumped Foliage-gleaner,DIB-10K_40,4699.Brown-rumped Foliage-gleaner,15
ruddy_foliage_gleaner,Ruddy Foliage-gleaner,DIB-10K_40,4700.Ruddy Foliage-gleaner,45
chestnut_crowned_foliage_gleaner,Chestnut-crowned Foliage-gleaner,DIB-10K_40,4701.Chestnut-crowned Foliage-gleaner,31
santa_marta_foliage_gleaner,Santa Marta Foliage-gleaner,DIB-10K_40,4702.Santa Marta Foliage-gleaner,21
henna_hooded_foliage_gleaner,Henna-hooded Foliage-gleaner,DIB-10K_40,4703.Henna-hooded Foliage-gleaner,23
henna_capped_foliage_gleaner,Henna-capped Foliage-gleaner,DIB-10K_40,4704.Henna-capped Foliage-gleaner,68
tawny_throated_leaftosser,Tawny-throated Leaftosser,DIB-10K_40,4705.Tawny-throated Leaftosser,111
dusky_leaftosser,Dusky Leaftosser,DIB-10K_40,4706.Dusky Leaftosser,2
short_billed_leaftosser,Short-billed Leaftosser,DIB-10K_40,4707.Short-billed Leaftosser,38
grey_throated_leaftosser,Grey-throated Leaftosser,DIB-10K_40,4708.Grey-throated Leaftosser,93
black_tailed_leaftosser,Black-tailed Leaftosser,DIB-10K_40,4709.Black-tailed Leaftosser,25
rufous_breasted_leaftosser,Rufous-breasted Leaftosser,DIB-10K_40,4710.Rufous-breasted Leaftosser,120
scaly_throated_leaftosser,Scaly-throated Leaftosser,DIB-10K_40,4711.Scaly-throated Leaftosser,87
sharp_tailed_streamcreeper,Sharp-tailed Streamcreeper,DIB-10K_40,4712.Sharp-tailed Streamcreeper,372
sharp_billed_treehunter,Sharp-billed Treehunter,DIB-10K_40,4713.Sharp-billed Treehunter,90
rufous_tailed_xenops,Rufous-tailed Xenops,DIB-10K_40,4714.Rufous-tailed Xenops,24
slender_billed_xenops,Slender-billed Xenops,DIB-10K_40,4715.Slender-billed Xenops,34
plain_xenops,Plain Xenops,DIB-10K_40,4716.Plain Xenops,385
streaked_xenops,Streaked Xenops,DIB-10K_40,4717.Streaked Xenops,424
great_xenops,Great Xenops,DIB-10K_40,4718.Great Xenops,82
white_throated_treerunner,White-throated Treerunner,DIB-10K_40,4719.White-throated Treerunner,239
tyrannine_woodcreeper,Tyrannine Woodcreeper,DIB-10K_40,4720.Tyrannine Woodcreeper,95
plain_brown_woodcreeper,Plain-brown Woodcreeper,DIB-10K_40,4721.Plain-brown Woodcreeper,365
plain_winged_woodcreeper,Plain-winged Woodcreeper,DIB-10K_40,4722.Plain-winged Woodcreeper,148
tawny_winged_woodcreeper,Tawny-winged Woodcreeper,DIB-10K_40,4723.Tawny-winged Woodcreeper,195
white_chinned_woodcreeper,White-chinned Woodcreeper,DIB-10K_40,4724.White-chinned Woodcreeper,51
ruddy_woodcreeper,Ruddy Woodcreeper,DIB-10K_40,4725.Ruddy Woodcreeper,184
long_tailed_woodcreeper,Long-tailed Woodcreeper,DIB-10K_40,4726.Long-tailed Woodcreeper,61
spot_throated_woodcreeper,Spot-throated Woodcreeper,DIB-10K_40,4727.Spot-throated Woodcreeper,19
olivaceous_woodcreeper,Olivaceous Woodcreeper,DIB-10K_40,4728.Olivaceous Woodcreeper,449
wedge_billed_woodcreeper,Wedge-billed Woodcreeper,DIB-10K_40,4729.Wedge-billed Woodcreeper,312
scimitar_billed_woodcreeper,Scimitar-billed Woodcreeper,DIB-10K_40,4730.Scimitar-billed Woodcreeper,398
long_billed_woodcreeper,Long-billed Woodcreeper,DIB-10K_40,4731.Long-billed Woodcreeper,167
cinnamon_throated_woodcreeper,Cinnamon-throated Woodcreeper,DIB-10K_40,4732.Cinnamon-throated Woodcreeper,129
red_billed_woodcreeper,Red-billed Woodcreeper,DIB-10K_40,4733.Red-billed Woodcreeper,38
uniform_woodcreeper,Uniform Woodcreeper,DIB-10K_40,4734.Uniform Woodcreeper,11
brigidas_woodcreeper,Brigida's Woodcreeper,DIB-10K_40,4735.Brigida's Woodcreeper,5
bar_bellied_woodcreeper,Bar-bellied Woodcreeper,DIB-10K_40,4736.Bar-bellied Woodcreeper,14
strong_billed_woodcreeper,Strong-billed Woodcreeper,DIB-10K_40,4737.Strong-billed Woodcreeper,413
white_throated_woodcreeper,White-throated Woodcreeper,DIB-10K_40,4738.White-throated Woodcreeper,160
moustached_woodcreeper,Moustached Woodcreeper,DIB-10K_40,4739.Moustached Woodcreeper,37
great_rufous_woodcreeper,Great Rufous Woodcreeper,DIB-10K_40,4740.Great Rufous Woodcreeper,245
northern_barred_woodcreeper,Northern Barred Woodcreeper,DIB-10K_40,4741.Northern Barred Woodcreeper,336
amazonian_barred_woodcreeper,Amazonian Barred Woodcreeper,DIB-10K_40,4742.Amazonian Barred Woodcreeper,99
hoffmannss_woodcreeper,Hoffmanns's Woodcreeper,DIB-10K_40,4743.Hoffmanns's Woodcreeper,7
black_banded_woodcreeper,Black-banded Woodcreeper,DIB-10K_40,4744.Black-banded Woodcreeper,146
planalto_woodcreeper,Planalto Woodcreeper,DIB-10K_40,4745.Planalto Woodcreeper,289
straight_billed_woodcreeper,Straight-billed Woodcreeper,DIB-10K_40,4746.Straight-billed Woodcreeper,536
zimmers_woodcreeper,Zimmer's Woodcreeper,DIB-10K_40,4747.Zimmer's Woodcreeper,26
striped_woodcreeper,Striped Woodcreeper,DIB-10K_40,4748.Striped Woodcreeper,67
lesser_woodcreeper,Lesser Woodcreeper,DIB-10K_40,4749.Lesser Woodcreeper,186
ocellated_woodcreeper,Ocellated Woodcreeper,DIB-10K_40,4750.Ocellated Woodcreeper,35
tschudis_woodcreeper,Tschudi's Woodcreeper,DIB-10K_40,4751.Tschudi's Woodcreeper,27
elegant_woodcreeper,Elegant Woodcreeper,DIB-10K_40,4752.Elegant Woodcreeper,57
spixs_woodcreeper,Spix's Woodcreeper,DIB-10K_40,4753.Spix's Woodcreeper,16
chestnut_rumped_woodcreeper,Chestnut-rumped Woodcreeper,DIB-10K_40,4754.Chestnut-rumped Woodcreeper,40
buff_throated_woodcreeper,Buff-throated Woodcreeper,DIB-10K_40,4755.Buff-throated Woodcreeper,265
cocoa_woodcreeper,Cocoa Woodcreeper,DIB-10K_40,4756.Cocoa Woodcreeper,372
ivory_billed_woodcreeper,Ivory-billed Woodcreeper,DIB-10K_40,4757.Ivory-billed Woodcreeper,342
black_striped_woodcreeper,Black-striped Woodcreeper,DIB-10K_40,4758.Black-striped Woodcreeper,155
spotted_woodcreeper,Spotted Woodcreeper,DIB-10K_40,4759.Spotted Woodcreeper,225
olive_backed_woodcreeper,Olive-backed Woodcreeper,DIB-10K_40,4760.Olive-backed Woodcreeper,104
white_striped_woodcreeper,White-striped Woodcreeper,DIB-10K_40,4761.White-striped Woodcreeper,57
streak_headed_woodcreeper,Streak-headed Woodcreeper,DIB-10K_40,4762.Streak-headed Woodcreeper,644
narrow_billed_woodcreeper,Narrow-billed Woodcreeper,DIB-10K_40,4763.Narrow-billed Woodcreeper,846
spot_crowned_woodcreeper,Spot-crowned Woodcreeper,DIB-10K_40,4764.Spot-crowned Woodcreeper,257
montane_woodcreeper,Montane Woodcreeper,DIB-10K_40,4765.Montane Woodcreeper,416
scaled_woodcreeper,Scaled Woodcreeper,DIB-10K_40,4766.Scaled Woodcreeper,136
scalloped_woodcreeper,Scalloped Woodcreeper,DIB-10K_40,4767.Scalloped Woodcreeper,160
guianan_woodcreeper,Guianan Woodcreeper,DIB-10K_40,4768.Guianan Woodcreeper,32
duida_woodcreeper,Duida Woodcreeper,DIB-10K_40,4769.Duida Woodcreeper,28
inambari_woodcreeper,Inambari Woodcreeper,DIB-10K_40,4770.Inambari Woodcreeper,21
rondonia_woodcreeper,Rondonia Woodcreeper,DIB-10K_40,4771.Rondonia Woodcreeper,3
layards_woodcreeper,Layard's Woodcreeper,DIB-10K_40,4772.Layard's Woodcreeper,16
greater_scythebill,Greater Scythebill,DIB-10K_40,4773.Greater Scythebill,28
red_billed_scythebill,Red-billed Scythebill,DIB-10K_40,4774.Red-billed Scythebill,324
black_billed_scythebill,Black-billed Scythebill,DIB-10K_40,4775.Black-billed Scythebill,97
brown_billed_scythebill,Brown-billed Scythebill,DIB-10K_40,4776.Brown-billed Scythebill,90
curve_billed_scythebill,Curve-billed Scythebill,DIB-10K_40,4777.Curve-billed Scythebill,31
rufous_rumped_antwren,Rufous-rumped Antwren,DIB-10K_40,4778.Rufous-rumped Antwren,23
chestnut_shouldered_antwren,Chestnut-shouldered Antwren,DIB-10K_40,4779.Chestnut-shouldered Antwren,4
yellow_rumped_antwren,Yellow-rumped Antwren,DIB-10K_40,4780.Yellow-rumped Antwren,18
ash_winged_antwren,Ash-winged Antwren,DIB-10K_40,4781.Ash-winged Antwren,9
wing_banded_antbird,Wing-banded Antbird,DIB-10K_40,4782.Wing-banded Antbird,59
spot_winged_antshrike,Spot-winged Antshrike,DIB-10K_40,4783.Spot-winged Antshrike,62
russet_antshrike,Russet Antshrike,DIB-10K_40,4784.Russet Antshrike,66
dot_winged_antwren,Dot-winged Antwren,DIB-10K_40,4785.Dot-winged Antwren,314
black_bushbird,Black Bushbird,DIB-10K_40,4786.Black Bushbird,33
recurve_billed_bushbird,Recurve-billed Bushbird,DIB-10K_40,4787.Recurve-billed Bushbird,54
rondonia_bushbird,Rondonia Bushbird,DIB-10K_40,4788.Rondonia Bushbird,20
checker_throated_antwren,Checker-throated Antwren,DIB-10K_40,4789.Checker-throated Antwren,116
brown_bellied_antwren,Brown-bellied Antwren,DIB-10K_40,4790.Brown-bellied Antwren,40
white_eyed_antwren,White-eyed Antwren,DIB-10K_40,4791.White-eyed Antwren,13
stipple_throated_antwren,Stipple-throated Antwren,DIB-10K_40,4792.Stipple-throated Antwren,25
rio_madeira_antwren,Rio Madeira Antwren,DIB-10K_40,4794.Rio Madeira Antwren,20
foothill_antwren,Foothill Antwren,DIB-10K_40,4796.Foothill Antwren,13
ornate_antwren,Ornate Antwren,DIB-10K_40,4797.Ornate Antwren,29
rufous_tailed_antwren,Rufous-tailed Antwren,DIB-10K_40,4798.Rufous-tailed Antwren,9
stripe_backed_antbird,Stripe-backed Antbird,DIB-10K_40,4799.Stripe-backed Antbird,189
yapacana_antbird,Yapacana Antbird,DIB-10K_40,4800.Yapacana Antbird,18
grey_bellied_antbird,Grey-bellied Antbird,DIB-10K_40,4801.Grey-bellied Antbird,14
black_throated_antbird,Black-throated Antbird,DIB-10K_40,4802.Black-throated Antbird,93
moustached_antwren,Moustached Antwren,DIB-10K_40,4803.Moustached Antwren,57
pygmy_antwren,Pygmy Antwren,DIB-10K_40,4804.Pygmy Antwren,80
guianan_streaked_antwren,Guianan Streaked Antwren,DIB-10K_40,4805.Guianan Streaked Antwren,85
amazonian_streaked_antwren,Amazonian Streaked Antwren,DIB-10K_40,4806.Amazonian Streaked Antwren,94
pacific_antwren,Pacific Antwren,DIB-10K_40,4807.Pacific Antwren,159
cherries_antwren,Cherrie's Antwren,DIB-10K_40,4808.Cherrie's Antwren,39
klagess_antwren,Klages's Antwren,DIB-10K_40,4809.Klages's Antwren,31
stripe_chested_antwren,Stripe-chested Antwren,DIB-10K_40,4810.Stripe-chested Antwren,58
yellow_throated_antwren,Yellow-throated Antwren,DIB-10K_40,4811.Yellow-throated Antwren,3
sclaters_antwren,Sclater's Antwren,DIB-10K_40,4812.Sclater's Antwren,14
white_flanked_antwren,White-flanked Antwren,DIB-10K_40,4813.White-flanked Antwren,309
silvery_flanked_antwren,Silvery-flanked Antwren,DIB-10K_40,4814.Silvery-flanked Antwren,26
slaty_antwren,Slaty Antwren,DIB-10K_40,4815.Slaty Antwren,144
rio_suno_antwren,Rio Suno Antwren,DIB-10K_40,4816.Rio Suno Antwren,8
salvadoris_antwren,Salvadori's Antwren,DIB-10K_40,4817.Salvadori's Antwren,56
long_winged_antwren,Long-winged Antwren,DIB-10K_40,4818.Long-winged Antwren,86
band_tailed_antwren,Band-tailed Antwren,DIB-10K_40,4819.Band-tailed Antwren,34
iherings_antwren,Ihering's Antwren,DIB-10K_40,4820.Ihering's Antwren,30
rio_de_janeiro_antwren,Rio de Janeiro Antwren,DIB-10K_40,4821.Rio de Janeiro Antwren,13
yungas_antwren,Yungas Antwren,DIB-10K_40,4822.Yungas Antwren,9
unicolored_antwren,Unicolored Antwren,DIB-10K_40,4823.Unicolored Antwren,114
alagoas_antwren,Alagoas Antwren,DIB-10K_40,4824.Alagoas Antwren,31
plain_winged_antwren,Plain-winged Antwren,DIB-10K_40,4825.Plain-winged Antwren,8
grey_antwren,Grey Antwren,DIB-10K_40,4826.Grey Antwren,84
leaden_antwren,Leaden Antwren,DIB-10K_40,4827.Leaden Antwren,54
streak_capped_antwren,Streak-capped Antwren,DIB-10K_40,4828.Streak-capped Antwren,76
orange_bellied_antwren,Orange-bellied Antwren,DIB-10K_40,4829.Orange-bellied Antwren,27
black_and_white_antbird,Black-and-white Antbird,DIB-10K_40,4830.Black-and-white Antbird,46
narrow_billed_antwren,Narrow-billed Antwren,DIB-10K_40,4831.Narrow-billed Antwren,47
black_hooded_antwren,Black-hooded Antwren,DIB-10K_40,4832.Black-hooded Antwren,80
southern_white_fringed_antwren,Southern White-fringed Antwren,DIB-10K_40,4833.Southern White-fringed Antwren,321
northern_white_fringed_antwren,Northern White-fringed Antwren,DIB-10K_40,4834.Northern White-fringed Antwren,66
serra_antwren,Serra Antwren,DIB-10K_40,4835.Serra Antwren,82
black_bellied_antwren,Black-bellied Antwren,DIB-10K_40,4836.Black-bellied Antwren,104
rusty_backed_antwren,Rusty-backed Antwren,DIB-10K_40,4837.Rusty-backed Antwren,357
sincora_antwren,Sincora Antwren,DIB-10K_40,4838.Sincora Antwren,103
marsh_antwren,Marsh Antwren,DIB-10K_40,4839.Marsh Antwren,85
banded_antbird,Banded Antbird,DIB-10K_40,4840.Banded Antbird,49
star_throated_antwren,Star-throated Antwren,DIB-10K_40,4841.Star-throated Antwren,116
plain_throated_antwren,Plain-throated Antwren,DIB-10K_40,4842.Plain-throated Antwren,70
rufous_bellied_antwren,Rufous-bellied Antwren,DIB-10K_40,4843.Rufous-bellied Antwren,42
dusky_throated_antshrike,Dusky-throated Antshrike,DIB-10K_40,4844.Dusky-throated Antshrike,129
saturnine_antshrike,Saturnine Antshrike,DIB-10K_40,4845.Saturnine Antshrike,28
cinereous_antshrike,Cinereous Antshrike,DIB-10K_40,4846.Cinereous Antshrike,79
bluish_slate_antshrike,Bluish-slate Antshrike,DIB-10K_40,4847.Bluish-slate Antshrike,66
pearly_antshrike,Pearly Antshrike,DIB-10K_40,4848.Pearly Antshrike,26
bahia_antwren,Bahia Antwren,DIB-10K_40,4849.Bahia Antwren,31
caatinga_antwren,Caatinga Antwren,DIB-10K_40,4850.Caatinga Antwren,85
black_capped_antwren,Black-capped Antwren,DIB-10K_40,4851.Black-capped Antwren,140
aripuana_antwren,Aripuana Antwren,DIB-10K_40,4852.Aripuana Antwren,3
predicted_antwren,Predicted Antwren,DIB-10K_40,4853.Predicted Antwren,11
creamy_bellied_antwren,Creamy-bellied Antwren,DIB-10K_40,4854.Creamy-bellied Antwren,12
ash_throated_antwren,Ash-throated Antwren,DIB-10K_40,4855.Ash-throated Antwren,21
spot_tailed_antwren,Spot-tailed Antwren,DIB-10K_40,4856.Spot-tailed Antwren,7
dugands_antwren,Dugand's Antwren,DIB-10K_40,4857.Dugand's Antwren,20
todds_antwren,Todd's Antwren,DIB-10K_40,4858.Todd's Antwren,12
spot_backed_antwren,Spot-backed Antwren,DIB-10K_40,4859.Spot-backed Antwren,20
roraiman_antwren,Roraiman Antwren,DIB-10K_40,4860.Roraiman Antwren,9
pectoral_antwren,Pectoral Antwren,DIB-10K_40,4861.Pectoral Antwren,64
large_billed_antwren,Large-billed Antwren,DIB-10K_40,4862.Large-billed Antwren,112
ancient_antwren,Ancient Antwren,DIB-10K_40,4863.Ancient Antwren,2
yellow_breasted_antwren,Yellow-breasted Antwren,DIB-10K_40,4864.Yellow-breasted Antwren,48
rufous_winged_antwren,Rufous-winged Antwren,DIB-10K_40,4865.Rufous-winged Antwren,194
spot_breasted_antvireo,Spot-breasted Antvireo,DIB-10K_40,4866.Spot-breasted Antvireo,176
plain_antvireo,Plain Antvireo,DIB-10K_40,4867.Plain Antvireo,523
streak_crowned_antvireo,Streak-crowned Antvireo,DIB-10K_40,4868.Streak-crowned Antvireo,38
spot_crowned_antvireo,Spot-crowned Antvireo,DIB-10K_40,4869.Spot-crowned Antvireo,161
rufous_backed_antvireo,Rufous-backed Antvireo,DIB-10K_40,4870.Rufous-backed Antvireo,74
bicolored_antvireo,Bicolored Antvireo,DIB-10K_40,4871.Bicolored Antvireo,46
plumbeous_antvireo,Plumbeous Antvireo,DIB-10K_40,4872.Plumbeous Antvireo,37
white_streaked_antvireo,White-streaked Antvireo,DIB-10K_40,4873.White-streaked Antvireo,31
collared_antshrike,Collared Antshrike,DIB-10K_40,4874.Collared Antshrike,184
black_backed_antshrike,Black-backed Antshrike,DIB-10K_40,4875.Black-backed Antshrike,60
band_tailed_antshrike,Band-tailed Antshrike,DIB-10K_40,4876.Band-tailed Antshrike,13
barred_antshrike,Barred Antshrike,DIB-10K_40,4877.Barred Antshrike,2179
chapmans_antshrike,Chapman's Antshrike,DIB-10K_40,4878.Chapman's Antshrike,53
bar_crested_antshrike,Bar-crested Antshrike,DIB-10K_40,4879.Bar-crested Antshrike,397
lined_antshrike,Lined Antshrike,DIB-10K_40,4880.Lined Antshrike,93
chestnut_backed_antshrike,Chestnut-backed Antshrike,DIB-10K_40,4881.Chestnut-backed Antshrike,320
black_hooded_antshrike,Black-hooded Antshrike,DIB-10K_40,4882.Black-hooded Antshrike,397
black_antshrike,Black Antshrike,DIB-10K_40,4883.Black Antshrike,94
cocha_antshrike,Cocha Antshrike,DIB-10K_40,4884.Cocha Antshrike,46
blackish_grey_antshrike,Blackish-grey Antshrike,DIB-10K_40,4885.Blackish-grey Antshrike,103
castelnaus_antshrike,Castelnau's Antshrike,DIB-10K_40,4886.Castelnau's Antshrike,49
white_shouldered_antshrike,White-shouldered Antshrike,DIB-10K_40,4887.White-shouldered Antshrike,64
uniform_antshrike,Uniform Antshrike,DIB-10K_40,4888.Uniform Antshrike,137
plain_winged_antshrike,Plain-winged Antshrike,DIB-10K_40,4889.Plain-winged Antshrike,77
mouse_colored_antshrike,Mouse-colored Antshrike,DIB-10K_40,4890.Mouse-colored Antshrike,137
upland_antshrike,Upland Antshrike,DIB-10K_40,4891.Upland Antshrike,29
black_crowned_antshrike,Black-crowned Antshrike,DIB-10K_40,4892.Black-crowned Antshrike,559
northern_slaty_antshrike,Northern Slaty Antshrike,DIB-10K_40,4893.Northern Slaty Antshrike,163
natterers_slaty_antshrike,Natterer's Slaty Antshrike,DIB-10K_40,4894.Natterer's Slaty Antshrike,40
bolivian_slaty_antshrike,Bolivian Slaty Antshrike,DIB-10K_40,4895.Bolivian Slaty Antshrike,61
planalto_slaty_antshrike,Planalto Slaty Antshrike,DIB-10K_40,4896.Planalto Slaty Antshrike,175
sooretama_slaty_antshrike,Sooretama Slaty Antshrike,DIB-10K_40,4897.Sooretama Slaty Antshrike,189
amazonian_antshrike,Amazonian Antshrike,DIB-10K_40,4898.Amazonian Antshrike,134
acre_antshrike,Acre Antshrike,DIB-10K_40,4899.Acre Antshrike,30
streak_backed_antshrike,Streak-backed Antshrike,DIB-10K_40,4900.Streak-backed Antshrike,20
variable_antshrike,Variable Antshrike,DIB-10K_40,4901.Variable Antshrike,888
rufous_winged_antshrike,Rufous-winged Antshrike,DIB-10K_40,4902.Rufous-winged Antshrike,240
rufous_capped_antshrike,Rufous-capped Antshrike,DIB-10K_40,4903.Rufous-capped Antshrike,465
black_crested_antshrike,Black-crested Antshrike,DIB-10K_40,4904.Black-crested Antshrike,485
silvery_cheeked_antshrike,Silvery-cheeked Antshrike,DIB-10K_40,4905.Silvery-cheeked Antshrike,184
glossy_antshrike,Glossy Antshrike,DIB-10K_40,4906.Glossy Antshrike,115
white_bearded_antshrike,White-bearded Antshrike,DIB-10K_40,4907.White-bearded Antshrike,95
fasciated_antshrike,Fasciated Antshrike,DIB-10K_40,4908.Fasciated Antshrike,463
bamboo_antshrike,Bamboo Antshrike,DIB-10K_40,4909.Bamboo Antshrike,35
great_antshrike,Great Antshrike,DIB-10K_40,4910.Great Antshrike,1026
large_tailed_antshrike,Large-tailed Antshrike,DIB-10K_40,4911.Large-tailed Antshrike,218
tufted_antshrike,Tufted Antshrike,DIB-10K_40,4912.Tufted Antshrike,131
black_throated_antshrike,Black-throated Antshrike,DIB-10K_40,4913.Black-throated Antshrike,32
undulated_antshrike,Undulated Antshrike,DIB-10K_40,4914.Undulated Antshrike,26
fulvous_antshrike,Fulvous Antshrike,DIB-10K_40,4915.Fulvous Antshrike,5
spot_backed_antshrike,Spot-backed Antshrike,DIB-10K_40,4916.Spot-backed Antshrike,136
giant_antshrike,Giant Antshrike,DIB-10K_40,4917.Giant Antshrike,211
speckled_antshrike,Speckled Antshrike,DIB-10K_40,4918.Speckled Antshrike,11
white_plumed_antbird,White-plumed Antbird,DIB-10K_40,4919.White-plumed Antbird,170
white_masked_antbird,White-masked Antbird,DIB-10K_40,4920.White-masked Antbird,18
ocellated_antbird,Ocellated Antbird,DIB-10K_40,4921.Ocellated Antbird,272
bicolored_antbird,Bicolored Antbird,DIB-10K_40,4922.Bicolored Antbird,407
white_cheeked_antbird,White-cheeked Antbird,DIB-10K_40,4923.White-cheeked Antbird,148
rufous_throated_antbird,Rufous-throated Antbird,DIB-10K_40,4924.Rufous-throated Antbird,77
white_throated_antbird,White-throated Antbird,DIB-10K_40,4925.White-throated Antbird,52
lunulated_antbird,Lunulated Antbird,DIB-10K_40,4926.Lunulated Antbird,17
bare_eyed_antbird,Bare-eyed Antbird,DIB-10K_40,4927.Bare-eyed Antbird,31
harlequin_antbird,Harlequin Antbird,DIB-10K_40,4928.Harlequin Antbird,12
white_breasted_antbird,White-breasted Antbird,DIB-10K_40,4929.White-breasted Antbird,9
chestnut_crested_antbird,Chestnut-crested Antbird,DIB-10K_40,4930.Chestnut-crested Antbird,24
hairy_crested_antbird,Hairy-crested Antbird,DIB-10K_40,4931.Hairy-crested Antbird,57
black_spotted_bare_eye,Black-spotted Bare-eye,DIB-10K_40,4932.Black-spotted Bare-eye,59
reddish_winged_bare_eye,Reddish-winged Bare-eye,DIB-10K_40,4933.Reddish-winged Bare-eye,36
pale_faced_bare_eye,Pale-faced Bare-eye,DIB-10K_40,4934.Pale-faced Bare-eye,7
common_scale_backed_antbird,Common Scale-backed Antbird,DIB-10K_40,4935.Common Scale-backed Antbird,129
xingu_scale_backed_antbird,Xingu Scale-backed Antbird,DIB-10K_40,4936.Xingu Scale-backed Antbird,31
ferruginous_antbird,Ferruginous Antbird,DIB-10K_40,4937.Ferruginous Antbird,160
bertonis_antbird,Bertoni's Antbird,DIB-10K_40,4938.Bertoni's Antbird,96
rufous_tailed_antbird,Rufous-tailed Antbird,DIB-10K_40,4939.Rufous-tailed Antbird,91
ochre_rumped_antbird,Ochre-rumped Antbird,DIB-10K_40,4940.Ochre-rumped Antbird,92
dusky_tailed_antbird,Dusky-tailed Antbird,DIB-10K_40,4941.Dusky-tailed Antbird,129
scaled_antbird,Scaled Antbird,DIB-10K_40,4942.Scaled Antbird,214
striated_antbird,Striated Antbird,DIB-10K_40,4943.Striated Antbird,27
santa_marta_antbird,Santa Marta Antbird,DIB-10K_40,4944.Santa Marta Antbird,34
klagess_antbird,Klages's Antbird,DIB-10K_40,4945.Klages's Antbird,26
east_andean_antbird,East Andean Antbird,DIB-10K_40,4946.East Andean Antbird,31
streak_headed_antbird,Streak-headed Antbird,DIB-10K_40,4947.Streak-headed Antbird,89
guianan_warbling_antbird,Guianan Warbling Antbird,DIB-10K_40,4948.Guianan Warbling Antbird,138
imeri_warbling_antbird,Imeri Warbling Antbird,DIB-10K_40,4949.Imeri Warbling Antbird,22
peruvian_warbling_antbird,Peruvian Warbling Antbird,DIB-10K_40,4950.Peruvian Warbling Antbird,101
yellow_breasted_warbling_antbird,Yellow-breasted Warbling Antbird,DIB-10K_40,4951.Yellow-breasted Warbling Antbird,40
rondonia_warbling_antbird,Rondonia Warbling Antbird,DIB-10K_40,4952.Rondonia Warbling Antbird,10
spixs_warbling_antbird,Spix's Warbling Antbird,DIB-10K_40,4953.Spix's Warbling Antbird,20
manicore_warbling_antbird,Manicore Warbling Antbird,DIB-10K_40,4954.Manicore Warbling Antbird,3
yellow_browed_antbird,Yellow-browed Antbird,DIB-10K_40,4955.Yellow-browed Antbird,75
southern_chestnut_tailed_antbird,Southern Chestnut-tailed Antbird,DIB-10K_40,4956.Southern Chestnut-tailed Antbird,51
northern_chestnut_tailed_antbird,Northern Chestnut-tailed Antbird,DIB-10K_40,4957.Northern Chestnut-tailed Antbird,17
williss_antbird,Willis's Antbird,DIB-10K_40,4958.Willis's Antbird,13
parkers_antbird,Parker's Antbird,DIB-10K_40,4959.Parker's Antbird,39
blackish_antbird,Blackish Antbird,DIB-10K_40,4960.Blackish Antbird,71
riparian_antbird,Riparian Antbird,DIB-10K_40,4961.Riparian Antbird,22
dusky_antbird,Dusky Antbird,DIB-10K_40,4962.Dusky Antbird,171
black_antbird,Black Antbird,DIB-10K_40,4963.Black Antbird,40
manu_antbird,Manu Antbird,DIB-10K_40,4964.Manu Antbird,33
rio_de_janeiro_antbird,Rio de Janeiro Antbird,DIB-10K_40,4965.Rio de Janeiro Antbird,24
grey_antbird,Grey Antbird,DIB-10K_40,4966.Grey Antbird,28
,,DIB-10K_40,,0
