bird_name,bird_name_raw,dataset_part,folder,nb_images
bairds_sparrow,Baird's Sparrow,part_3,part3/ Baird's Sparrow,484
bairds_trogon,Baird's Trogon,part_3,part3/ Baird's Trogon,215
bald_eagle,Bald Eagle,part_3,part3/ Bald Eagle,2847
bald_parrot,Bald Parrot,part_3,part3/ Bald Parrot,35
balearic_shearwater,Balearic Shearwater,part_3,part3/ Balearic Shearwater,606
balearic_warbler,Balearic Warbler,part_3,part3/ Balearic Warbler,214
bali_myna,Bali Myna,part_3,part3/ Bali Myna,1496
balicassiao,Balicassiao,part_3,part3/ Balicassiao,84
baliem_whistler,Baliem Whistler,part_3,part3/ Baliem Whistler,3
balsas_screech_owl,Balsas Screech Owl,part_3,part3/ Balsas Screech Owl,38
baltimore_oriole,Baltimore Oriole,part_3,part3/ Baltimore Oriole,2512
bamboo_warbler,Bamboo Warbler,part_3,part3/ Bamboo Warbler,12
bamboo_woodpecker,Bamboo Woodpecker,part_3,part3/ Bamboo Woodpecker,40
bamenda_apalis,Bamenda Apalis,part_3,part3/ Bamenda Apalis,23
bananal_antbird,Bananal Antbird,part_3,part3/ Bananal Antbird,22
banasura_laughingthrush,Banasura Laughingthrush,part_3,part3/ Banasura Laughingthrush,12
band_backed_wren,Band-backed Wren,part_3,part3/ Band-backed Wren,414
band_bellied_crake,Band-bellied Crake,part_3,part3/ Band-bellied Crake,153
band_bellied_owl,Band-bellied Owl,part_3,part3/ Band-bellied Owl,124
band_rumped_storm_petrel,Band-rumped Storm Petrel,part_3,part3/ Band-rumped Storm Petrel,462
band_rumped_swift,Band-rumped Swift,part_3,part3/ Band-rumped Swift,57
band_tailed_antbird,Band-tailed Antbird,part_3,part3/ Band-tailed Antbird,138
band_tailed_antshrike,Band-tailed Antshrike,part_3,part3/ Band-tailed Antshrike,13
band_tailed_antwren,Band-tailed Antwren,part_3,part3/ Band-tailed Antwren,34
band_tailed_barbthroat,Band-tailed Barbthroat,part_3,part3/ Band-tailed Barbthroat,226
band_tailed_earthcreeper,Band-tailed Earthcreeper,part_3,part3/ Band-tailed Earthcreeper,134
band_tailed_fruiteater,Band-tailed Fruiteater,part_3,part3/ Band-tailed Fruiteater,68
band_tailed_guan,Band-tailed Guan,part_3,part3/ Band-tailed Guan,227
band_tailed_manakin,Band-tailed Manakin,part_3,part3/ Band-tailed Manakin,389
band_tailed_nighthawk,Band-tailed Nighthawk,part_3,part3/ Band-tailed Nighthawk,75
band_tailed_pigeon,Band-tailed Pigeon,part_3,part3/ Band-tailed Pigeon,1503
band_tailed_seedeater,Band-tailed Seedeater,part_3,part3/ Band-tailed Seedeater,366
band_tailed_sierra_finch,Band-tailed Sierra Finch,part_3,part3/ Band-tailed Sierra Finch,352
band_winged_nightjar,Band-winged Nightjar,part_3,part3/ Band-winged Nightjar,177
banda_myzomela,Banda Myzomela,part_3,part3/ Banda Myzomela,13
banded_antbird,Banded Antbird,part_3,part3/ Banded Antbird,49
banded_barbet,Banded Barbet,part_3,part3/ Banded Barbet,121
banded_bay_cuckoo,Banded Bay Cuckoo,part_3,part3/ Banded Bay Cuckoo,414
banded_broadbill,Banded Broadbill,part_3,part3/ Banded Broadbill,523
banded_cotinga,Banded Cotinga,part_3,part3/ Banded Cotinga,93
banded_ground_cuckoo,Banded Ground Cuckoo,part_3,part3/ Banded Ground Cuckoo,79
banded_honeyeater,Banded Honeyeater,part_3,part3/ Banded Honeyeater,133
banded_kestrel,Banded Kestrel,part_3,part3/ Banded Kestrel,106
banded_kingfisher,Banded Kingfisher,part_3,part3/ Banded Kingfisher,750
banded_lapwing,Banded Lapwing,part_3,part3/ Banded Lapwing,656
banded_martin,Banded Martin,part_3,part3/ Banded Martin,189
banded_parisoma,Banded Parisoma,part_3,part3/ Banded Parisoma,56
banded_prinia,Banded Prinia,part_3,part3/ Banded Prinia,47
banded_quail,Banded Quail,part_3,part3/ Banded Quail,59
banded_stilt,Banded Stilt,part_3,part3/ Banded Stilt,441
banded_wattle_eye,Banded Wattle-eye,part_3,part3/ Banded Wattle-eye,12
banded_whiteface,Banded Whiteface,part_3,part3/ Banded Whiteface,79
banded_woodpecker,Banded Woodpecker,part_3,part3/ Banded Woodpecker,337
banggai_crow,Banggai Crow,part_3,part3/ Banggai Crow,34
banggai_fruit_dove,Banggai Fruit Dove,part_3,part3/ Banggai Fruit Dove,6
banggai_jungle_flycatcher,Banggai Jungle Flycatcher,part_3,part3/ Banggai Jungle Flycatcher,2
bank_cormorant,Bank Cormorant,part_3,part3/ Bank Cormorant,224
bank_myna,Bank Myna,part_3,part3/ Bank Myna,728
bannermans_shearwater,Bannerman's Shearwater,part_3,part3/ Bannerman's Shearwater,33
bannermans_sunbird,Bannerman's Sunbird,part_3,part3/ Bannerman's Sunbird,17
bannermans_turaco,Bannerman's Turaco,part_3,part3/ Bannerman's Turaco,29
bannermans_weaver,Bannerman's Weaver,part_3,part3/ Bannerman's Weaver,20
bar_backed_partridge,Bar-backed Partridge,part_3,part3/ Bar-backed Partridge,223
bar_bellied_cuckooshrike,Bar-bellied Cuckooshrike,part_3,part3/ Bar-bellied Cuckooshrike,65
bar_bellied_pitta,Bar-bellied Pitta,part_3,part3/ Bar-bellied Pitta,257
bar_bellied_woodcreeper,Bar-bellied Woodcreeper,part_3,part3/ Bar-bellied Woodcreeper,14
bar_bellied_woodpecker,Bar-bellied Woodpecker,part_3,part3/ Bar-bellied Woodpecker,81
bar_breasted_firefinch,Bar-breasted Firefinch,part_3,part3/ Bar-breasted Firefinch,106
bar_breasted_honeyeater,Bar-breasted Honeyeater,part_3,part3/ Bar-breasted Honeyeater,227
bar_breasted_piculet,Bar-breasted Piculet,part_3,part3/ Bar-breasted Piculet,83
bar_crested_antshrike,Bar-crested Antshrike,part_3,part3/ Bar-crested Antshrike,397
bar_headed_goose,Bar-headed Goose,part_3,part3/ Bar-headed Goose,2744
bar_tailed_godwit,Bar-tailed Godwit,part_3,part3/ Bar-tailed Godwit,2755
bar_tailed_lark,Bar-tailed Lark,part_3,part3/ Bar-tailed Lark,267
bar_tailed_treecreeper,Bar-tailed Treecreeper,part_3,part3/ Bar-tailed Treecreeper,125
bar_tailed_trogon,Bar-tailed Trogon,part_3,part3/ Bar-tailed Trogon,89
bar_throated_apalis,Bar-throated Apalis,part_3,part3/ Bar-throated Apalis,287
bar_winged_oriole,Bar-winged Oriole,part_3,part3/ Bar-winged Oriole,61
bar_winged_prinia,Bar-winged Prinia,part_3,part3/ Bar-winged Prinia,166
bar_winged_rail,Bar-winged Rail,part_3,part3/ Bar-winged Rail,11
bar_winged_weaver,Bar-winged Weaver,part_3,part3/ Bar-winged Weaver,10
bar_winged_wood_wren,Bar-winged Wood Wren,part_3,part3/ Bar-winged Wood Wren,43
bar_winged_wren_babbler,Bar-winged Wren-Babbler,part_3,part3/ Bar-winged Wren-Babbler,69
baraus_petrel,Barau's Petrel,part_3,part3/ Barau's Petrel,164
barbados_bullfinch,Barbados Bullfinch,part_3,part3/ Barbados Bullfinch,210
barbary_partridge,Barbary Partridge,part_3,part3/ Barbary Partridge,505
barbuda_warbler,Barbuda Warbler,part_3,part3/ Barbuda Warbler,54
bare_cheeked_babbler,Bare-cheeked Babbler,part_3,part3/ Bare-cheeked Babbler,217
bare_cheeked_trogon,Bare-cheeked Trogon,part_3,part3/ Bare-cheeked Trogon,14
bare_crowned_antbird,Bare-crowned Antbird,part_3,part3/ Bare-crowned Antbird,95
bare_eyed_antbird,Bare-eyed Antbird,part_3,part3/ Bare-eyed Antbird,31
bare_eyed_myna,Bare-eyed Myna,part_3,part3/ Bare-eyed Myna,17
bare_eyed_pigeon,Bare-eyed Pigeon,part_3,part3/ Bare-eyed Pigeon,366
bare_eyed_rail,Bare-eyed Rail,part_3,part3/ Bare-eyed Rail,6
bare_eyed_white_eye,Bare-eyed White-eye,part_3,part3/ Bare-eyed White-eye,24
bare_faced_bulbul,Bare-faced Bulbul,part_3,part3/ Bare-faced Bulbul,18
bare_faced_curassow,Bare-faced Curassow,part_3,part3/ Bare-faced Curassow,1097
bare_faced_go_away_bird,Bare-faced Go-away-bird,part_3,part3/ Bare-faced Go-away-bird,326
bare_faced_ground_dove,Bare-faced Ground Dove,part_3,part3/ Bare-faced Ground Dove,318
bare_headed_laughingthrush,Bare-headed Laughingthrush,part_3,part3/ Bare-headed Laughingthrush,27
bare_legged_owl,Bare-legged Owl,part_3,part3/ Bare-legged Owl,157
bare_legged_swiftlet,Bare-legged Swiftlet,part_3,part3/ Bare-legged Swiftlet,3
bare_necked_fruitcrow,Bare-necked Fruitcrow,part_3,part3/ Bare-necked Fruitcrow,321
bare_necked_umbrellabird,Bare-necked Umbrellabird,part_3,part3/ Bare-necked Umbrellabird,158
bare_shanked_screech_owl,Bare-shanked Screech Owl,part_3,part3/ Bare-shanked Screech Owl,159
bare_throated_bellbird,Bare-throated Bellbird,part_3,part3/ Bare-throated Bellbird,274
bare_throated_tiger_heron,Bare-throated Tiger Heron,part_3,part3/ Bare-throated Tiger Heron,2249
bare_throated_whistler,Bare-throated Whistler,part_3,part3/ Bare-throated Whistler,36
barking_owl,Barking Owl,part_3,part3/ Barking Owl,930
barn_swallow,Barn Swallow,part_3,part3/ Barn Swallow,2927
barnacle_goose,Barnacle Goose,part_3,part3/ Barnacle Goose,2572
barolo_shearwater,Barolo Shearwater,part_3,part3/ Barolo Shearwater,74
barred_antshrike,Barred Antshrike,part_3,part3/ Barred Antshrike,2179
barred_antthrush,Barred Antthrush,part_3,part3/ Barred Antthrush,13
barred_buttonquail,Barred Buttonquail,part_3,part3/ Barred Buttonquail,795
barred_cuckoo_dove,Barred Cuckoo-Dove,part_3,part3/ Barred Cuckoo-Dove,212
barred_cuckooshrike,Barred Cuckooshrike,part_3,part3/ Barred Cuckooshrike,193
barred_dove,Barred Dove,part_3,part3/ Barred Dove,136
barred_eagle_owl,Barred Eagle-Owl,part_3,part3/ Barred Eagle-Owl,476
barred_forest_falcon,Barred Forest Falcon,part_3,part3/ Barred Forest Falcon,216
barred_fruiteater,Barred Fruiteater,part_3,part3/ Barred Fruiteater,248
barred_hawk,Barred Hawk,part_3,part3/ Barred Hawk,156
barred_honeyeater,Barred Honeyeater,part_3,part3/ Barred Honeyeater,71
barred_long_tailed_cuckoo,Barred Long-tailed Cuckoo,part_3,part3/ Barred Long-tailed Cuckoo,31
barred_owl,Barred Owl,part_3,part3/ Barred Owl,2090
barred_owlet_nightjar,Barred Owlet-nightjar,part_3,part3/ Barred Owlet-nightjar,36
barred_parakeet,Barred Parakeet,part_3,part3/ Barred Parakeet,157
barred_puffbird,Barred Puffbird,part_3,part3/ Barred Puffbird,285
barred_rail,Barred Rail,part_3,part3/ Barred Rail,201
barred_tinamou,Barred Tinamou,part_3,part3/ Barred Tinamou,10
barred_warbler,Barred Warbler,part_3,part3/ Barred Warbler,885
barred_wren_warbler,Barred Wren-Warbler,part_3,part3/ Barred Wren-Warbler,101
barrows_goldeneye,Barrow's Goldeneye,part_3,part3/ Barrow's Goldeneye,2609
bartletts_tinamou,Bartlett's Tinamou,part_3,part3/ Bartlett's Tinamou,8
barusan_cuckoo_dove,Barusan Cuckoo-Dove,part_3,part3/ Barusan Cuckoo-Dove,34
basra_reed_warbler,Basra Reed Warbler,part_3,part3/ Basra Reed Warbler,69
bassian_thrush,Bassian Thrush,part_3,part3/ Bassian Thrush,696
bat_hawk,Bat Hawk,part_3,part3/ Bat Hawk,221
bateleur,Bateleur,part_3,part3/ Bateleur,2513
batess_nightjar,Bates's Nightjar,part_3,part3/ Bates's Nightjar,4
batess_paradise_flycatcher,Bates's Paradise Flycatcher,part_3,part3/ Bates's Paradise Flycatcher,2
batess_sunbird,Bates's Sunbird,part_3,part3/ Bates's Sunbird,6
batess_swift,Bates's Swift,part_3,part3/ Bates's Swift,16
batess_weaver,Bates's Weaver,part_3,part3/ Bates's Weaver,2
baudins_black_cockatoo,Baudin's Black Cockatoo,part_3,part3/ Baudin's Black Cockatoo,175
baudo_guan,Baudo Guan,part_3,part3/ Baudo Guan,85
baudo_oropendola,Baudo Oropendola,part_3,part3/ Baudo Oropendola,61
bay_antpitta,Bay Antpitta,part_3,part3/ Bay Antpitta,10
bay_coucal,Bay Coucal,part_3,part3/ Bay Coucal,43
bay_woodpecker,Bay Woodpecker,part_3,part3/ Bay Woodpecker,96
bay_wren,Bay Wren,part_3,part3/ Bay Wren,230
bay_backed_shrike,Bay-backed Shrike,part_3,part3/ Bay-backed Shrike,926
bay_breasted_cuckoo,Bay-breasted Cuckoo,part_3,part3/ Bay-breasted Cuckoo,89
bay_breasted_warbler,Bay-breasted Warbler,part_3,part3/ Bay-breasted Warbler,1432
bay_chested_warbling_finch,Bay-chested Warbling Finch,part_3,part3/ Bay-chested Warbling Finch,151
bay_crowned_brushfinch,Bay-crowned Brushfinch,part_3,part3/ Bay-crowned Brushfinch,26
bay_headed_tanager,Bay-headed Tanager,part_3,part3/ Bay-headed Tanager,1333
bay_ringed_tyrannulet,Bay-ringed Tyrannulet,part_3,part3/ Bay-ringed Tyrannulet,35
bay_vented_cotinga,Bay-vented Cotinga,part_3,part3/ Bay-vented Cotinga,78
baya_weaver,Baya Weaver,part_3,part3/ Baya Weaver,1930
beach_kingfisher,Beach Kingfisher,part_3,part3/ Beach Kingfisher,100
bearded_barbet,Bearded Barbet,part_3,part3/ Bearded Barbet,554
bearded_bellbird,Bearded Bellbird,part_3,part3/ Bearded Bellbird,242
bearded_guan,Bearded Guan,part_3,part3/ Bearded Guan,79
bearded_mountaineer,Bearded Mountaineer,part_3,part3/ Bearded Mountaineer,169
bearded_reedling,Bearded Reedling,part_3,part3/ Bearded Reedling,2215
bearded_screech_owl,Bearded Screech Owl,part_3,part3/ Bearded Screech Owl,61
bearded_scrub_robin,Bearded Scrub Robin,part_3,part3/ Bearded Scrub Robin,174
bearded_tachuri,Bearded Tachuri,part_3,part3/ Bearded Tachuri,314
bearded_vulture,Bearded Vulture,part_3,part3/ Bearded Vulture,2297
bearded_wood_partridge,Bearded Wood Partridge,part_3,part3/ Bearded Wood Partridge,36
bearded_woodpecker,Bearded Woodpecker,part_3,part3/ Bearded Woodpecker,154
beaudouins_snake_eagle,Beaudouin's Snake Eagle,part_3,part3/ Beaudouin's Snake Eagle,124
beautiful_firetail,Beautiful Firetail,part_3,part3/ Beautiful Firetail,380
beautiful_fruit_dove,Beautiful Fruit Dove,part_3,part3/ Beautiful Fruit Dove,249
beautiful_jay,Beautiful Jay,part_3,part3/ Beautiful Jay,89
beautiful_nuthatch,Beautiful Nuthatch,part_3,part3/ Beautiful Nuthatch,64
beautiful_sibia,Beautiful Sibia,part_3,part3/ Beautiful Sibia,182
beautiful_sunbird,Beautiful Sunbird,part_3,part3/ Beautiful Sunbird,543
beautiful_woodpecker,Beautiful Woodpecker,part_3,part3/ Beautiful Woodpecker,178
becks_petrel,Beck's Petrel,part_3,part3/ Beck's Petrel,25
bedfords_paradise_flycatcher,Bedford's Paradise Flycatcher,part_3,part3/ Bedford's Paradise Flycatcher,4
bee_hummingbird,Bee Hummingbird,part_3,part3/ Bee Hummingbird,932
beijing_babbler,Beijing Babbler,part_3,part3/ Beijing Babbler,45
belchers_gull,Belcher's Gull,part_3,part3/ Belcher's Gull,791
beldings_yellowthroat,Belding's Yellowthroat,part_3,part3/ Belding's Yellowthroat,152
belfords_melidectes,Belford's Melidectes,part_3,part3/ Belford's Melidectes,102
bell_miner,Bell Miner,part_3,part3/ Bell Miner,744
bells_sparrow,Bell's Sparrow,part_3,part3/ Bell's Sparrow,705
bells_vireo,Bell's Vireo,part_3,part3/ Bell's Vireo,862
belted_flycatcher,Belted Flycatcher,part_3,part3/ Belted Flycatcher,95
belted_kingfisher,Belted Kingfisher,part_3,part3/ Belted Kingfisher,2698
bendires_thrasher,Bendire's Thrasher,part_3,part3/ Bendire's Thrasher,627
bengal_bush_lark,Bengal Bush Lark,part_3,part3/ Bengal Bush Lark,256
bengal_florican,Bengal Florican,part_3,part3/ Bengal Florican,145
benguet_bush_warbler,Benguet Bush Warbler,part_3,part3/ Benguet Bush Warbler,3
bennetts_woodpecker,Bennett's Woodpecker,part_3,part3/ Bennett's Woodpecker,293
berlepschs_canastero,Berlepsch's Canastero,part_3,part3/ Berlepsch's Canastero,33
berlepschs_tinamou,Berlepsch's Tinamou,part_3,part3/ Berlepsch's Tinamou,15
bermuda_flicker,Bermuda Flicker,part_3,part3/ Bermuda Flicker,2
bermuda_hawk,Bermuda Hawk,part_3,part3/ Bermuda Hawk,1
bermuda_night_heron,Bermuda Night Heron,part_3,part3/ Bermuda Night Heron,2
bermuda_petrel,Bermuda Petrel,part_3,part3/ Bermuda Petrel,190
bermuda_saw_whet_owl,Bermuda Saw-whet Owl,part_3,part3/ Bermuda Saw-whet Owl,12
bermuda_towhee,Bermuda Towhee,part_3,part3/ Bermuda Towhee,6
berniers_teal,Bernier's Teal,part_3,part3/ Bernier's Teal,315
berniers_vanga,Bernier's Vanga,part_3,part3/ Bernier's Vanga,35
berthelots_pipit,Berthelot's Pipit,part_3,part3/ Berthelot's Pipit,1188
bertonis_antbird,Bertoni's Antbird,part_3,part3/ Bertoni's Antbird,96
bertrams_weaver,Bertram's Weaver,part_3,part3/ Bertram's Weaver,12
beryl_spangled_tanager,Beryl-spangled Tanager,part_3,part3/ Beryl-spangled Tanager,439
berylline_hummingbird,Berylline Hummingbird,part_3,part3/ Berylline Hummingbird,835
besra,Besra,part_3,part3/ Besra,571
bewicks_wren,Bewick's Wren,part_3,part3/ Bewick's Wren,2336
bhutan_laughingthrush,Bhutan Laughingthrush,part_3,part3/ Bhutan Laughingthrush,78
biak_coucal,Biak Coucal,part_3,part3/ Biak Coucal,5
biak_gerygone,Biak Gerygone,part_3,part3/ Biak Gerygone,18
biak_leaf_warbler,Biak Leaf Warbler,part_3,part3/ Biak Leaf Warbler,3
biak_monarch,Biak Monarch,part_3,part3/ Biak Monarch,11
biak_paradise_kingfisher,Biak Paradise Kingfisher,part_3,part3/ Biak Paradise Kingfisher,37
biak_scops_owl,Biak Scops Owl,part_3,part3/ Biak Scops Owl,17
biak_whistler,Biak Whistler,part_3,part3/ Biak Whistler,2
biak_white_eye,Biak White-eye,part_3,part3/ Biak White-eye,11
bianchis_warbler,Bianchi's Warbler,part_3,part3/ Bianchi's Warbler,23
bicknells_thrush,Bicknell's Thrush,part_3,part3/ Bicknell's Thrush,333
bicol_ground_warbler,Bicol Ground Warbler,part_3,part3/ Bicol Ground Warbler,3
bicolored_antbird,Bicolored Antbird,part_3,part3/ Bicolored Antbird,407
bicolored_antpitta,Bicolored Antpitta,part_3,part3/ Bicolored Antpitta,204
bicolored_antvireo,Bicolored Antvireo,part_3,part3/ Bicolored Antvireo,46
bicolored_conebill,Bicolored Conebill,part_3,part3/ Bicolored Conebill,298
bicolored_flowerpecker,Bicolored Flowerpecker,part_3,part3/ Bicolored Flowerpecker,47
bicolored_hawk,Bicolored Hawk,part_3,part3/ Bicolored Hawk,575
bicolored_wren,Bicolored Wren,part_3,part3/ Bicolored Wren,464
bimaculated_lark,Bimaculated Lark,part_3,part3/ Bimaculated Lark,295
biscutate_swift,Biscutate Swift,part_3,part3/ Biscutate Swift,62
bishops_oo,Bishop's Oo,part_3,part3/ Bishop's Oo,4
bismarck_black_myzomela,Bismarck Black Myzomela,part_3,part3/ Bismarck Black Myzomela,11
bismarck_crow,Bismarck Crow,part_3,part3/ Bismarck Crow,17
bismarck_fantail,Bismarck Fantail,part_3,part3/ Bismarck Fantail,9
bismarck_kingfisher,Bismarck Kingfisher,part_3,part3/ Bismarck Kingfisher,20
bismarck_whistler,Bismarck Whistler,part_3,part3/ Bismarck Whistler,7
black_antbird,Black Antbird,part_3,part3/ Black Antbird,40
black_antshrike,Black Antshrike,part_3,part3/ Black Antshrike,94
black_bee_eater,Black Bee-eater,part_3,part3/ Black Bee-eater,240
black_berrypecker,Black Berrypecker,part_3,part3/ Black Berrypecker,29
black_bishop,Black Bishop,part_3,part3/ Black Bishop,106
black_bittern,Black Bittern,part_3,part3/ Black Bittern,855
black_bulbul,Black Bulbul,part_3,part3/ Black Bulbul,1477
black_bushbird,Black Bushbird,part_3,part3/ Black Bushbird,33
black_butcherbird,Black Butcherbird,part_3,part3/ Black Butcherbird,487
black_caracara,Black Caracara,part_3,part3/ Black Caracara,471
black_catbird,Black Catbird,part_3,part3/ Black Catbird,282
black_cicadabird,Black Cicadabird,part_3,part3/ Black Cicadabird,25
black_coucal,Black Coucal,part_3,part3/ Black Coucal,132
black_crake,Black Crake,part_3,part3/ Black Crake,836
black_crowned_crane,Black Crowned Crane,part_3,part3/ Black Crowned Crane,1815
black_cuckoo,Black Cuckoo,part_3,part3/ Black Cuckoo,123
black_cuckooshrike,Black Cuckooshrike,part_3,part3/ Black Cuckooshrike,170
black_curassow,Black Curassow,part_3,part3/ Black Curassow,274
black_currawong,Black Currawong,part_3,part3/ Black Currawong,455
black_dwarf_hornbill,Black Dwarf Hornbill,part_3,part3/ Black Dwarf Hornbill,34
black_eagle,Black Eagle,part_3,part3/ Black Eagle,233
black_falcon,Black Falcon,part_3,part3/ Black Falcon,384
black_fantail,Black Fantail,part_3,part3/ Black Fantail,36
black_flowerpiercer,Black Flowerpiercer,part_3,part3/ Black Flowerpiercer,391
black_francolin,Black Francolin,part_3,part3/ Black Francolin,763
black_grasswren,Black Grasswren,part_3,part3/ Black Grasswren,59
black_grouse,Black Grouse,part_3,part3/ Black Grouse,3079
black_guan,Black Guan,part_3,part3/ Black Guan,558
black_guillemot,Black Guillemot,part_3,part3/ Black Guillemot,2826
black_guineafowl,Black Guineafowl,part_3,part3/ Black Guineafowl,15
black_harrier,Black Harrier,part_3,part3/ Black Harrier,177
black_hawk_eagle,Black Hawk-Eagle,part_3,part3/ Black Hawk-Eagle,628
black_heron,Black Heron,part_3,part3/ Black Heron,1087
black_honey_buzzard,Black Honey Buzzard,part_3,part3/ Black Honey Buzzard,21
black_honeyeater,Black Honeyeater,part_3,part3/ Black Honeyeater,268
black_hornbill,Black Hornbill,part_3,part3/ Black Hornbill,329
black_inca,Black Inca,part_3,part3/ Black Inca,109
black_jacobin,Black Jacobin,part_3,part3/ Black Jacobin,1085
black_kite,Black Kite,part_3,part3/ Black Kite,2952
black_lark,Black Lark,part_3,part3/ Black Lark,192
black_lory,Black Lory,part_3,part3/ Black Lory,158
black_magpie,Black Magpie,part_3,part3/ Black Magpie,148
black_mamo,Black Mamo,part_3,part3/ Black Mamo,8
black_manakin,Black Manakin,part_3,part3/ Black Manakin,85
black_metaltail,Black Metaltail,part_3,part3/ Black Metaltail,147
black_noddy,Black Noddy,part_3,part3/ Black Noddy,971
black_nunbird,Black Nunbird,part_3,part3/ Black Nunbird,262
black_oriole,Black Oriole,part_3,part3/ Black Oriole,18
black_oropendola,Black Oropendola,part_3,part3/ Black Oropendola,78
black_oystercatcher,Black Oystercatcher,part_3,part3/ Black Oystercatcher,2706
black_partridge,Black Partridge,part_3,part3/ Black Partridge,57
black_pitohui,Black Pitohui,part_3,part3/ Black Pitohui,16
black_rail,Black Rail,part_3,part3/ Black Rail,183
black_redstart,Black Redstart,part_3,part3/ Black Redstart,2780
black_rosy_finch,Black Rosy Finch,part_3,part3/ Black Rosy Finch,875
black_saw_wing,Black Saw-wing,part_3,part3/ Black Saw-wing,124
black_scimitarbill,Black Scimitarbill,part_3,part3/ Black Scimitarbill,54
black_scoter,Black Scoter,part_3,part3/ Black Scoter,1160
black_scrub_robin,Black Scrub Robin,part_3,part3/ Black Scrub Robin,293
black_shama,Black Shama,part_3,part3/ Black Shama,47
black_sicklebill,Black Sicklebill,part_3,part3/ Black Sicklebill,98
black_siskin,Black Siskin,part_3,part3/ Black Siskin,174
black_sittella,Black Sittella,part_3,part3/ Black Sittella,24
black_skimmer,Black Skimmer,part_3,part3/ Black Skimmer,2832
black_solitaire,Black Solitaire,part_3,part3/ Black Solitaire,103
black_spinetail,Black Spinetail,part_3,part3/ Black Spinetail,13
black_stilt,Black Stilt,part_3,part3/ Black Stilt,694
black_stork,Black Stork,part_3,part3/ Black Stork,3030
black_storm_petrel,Black Storm Petrel,part_3,part3/ Black Storm Petrel,324
black_sunbird,Black Sunbird,part_3,part3/ Black Sunbird,141
black_swan,Black Swan,part_3,part3/ Black Swan,2923
black_tern,Black Tern,part_3,part3/ Black Tern,2839
black_thicket_fantail,Black Thicket Fantail,part_3,part3/ Black Thicket Fantail,11
black_thrush,Black Thrush,part_3,part3/ Black Thrush,86
black_tinamou,Black Tinamou,part_3,part3/ Black Tinamou,43
black_turnstone,Black Turnstone,part_3,part3/ Black Turnstone,2391
black_vulture,Black Vulture,part_3,part3/ Black Vulture,3011
black_wheatear,Black Wheatear,part_3,part3/ Black Wheatear,1150
black_woodpecker,Black Woodpecker,part_3,part3/ Black Woodpecker,1738
black_and_buff_woodpecker,Black-and-buff Woodpecker,part_3,part3/ Black-and-buff Woodpecker,76
black_and_chestnut_eagle,Black-and-chestnut Eagle,part_3,part3/ Black-and-chestnut Eagle,297
black_and_chestnut_warbling_finch,Black-and-chestnut Warbling Finch,part_3,part3/ Black-and-chestnut Warbling Finch,103
black_and_cinnamon_fantail,Black-and-cinnamon Fantail,part_3,part3/ Black-and-cinnamon Fantail,38
black_and_crimson_oriole,Black-and-crimson Oriole,part_3,part3/ Black-and-crimson Oriole,149
black_and_gold_cotinga,Black-and-gold Cotinga,part_3,part3/ Black-and-gold Cotinga,112
black_and_gold_tanager,Black-and-gold Tanager,part_3,part3/ Black-and-gold Tanager,207
black_and_orange_flycatcher,Black-and-orange Flycatcher,part_3,part3/ Black-and-orange Flycatcher,312
black_and_red_broadbill,Black-and-red Broadbill,part_3,part3/ Black-and-red Broadbill,747
black_and_rufous_swallow,Black-and-rufous Swallow,part_3,part3/ Black-and-rufous Swallow,12
black_and_rufous_warbling_finch,Black-and-rufous Warbling Finch,part_3,part3/ Black-and-rufous Warbling Finch,571
black_and_tawny_seedeater,Black-and-tawny Seedeater,part_3,part3/ Black-and-tawny Seedeater,39
black_and_white_antbird,Black-and-white Antbird,part_3,part3/ Black-and-white Antbird,46
black_and_white_bulbul,Black-and-white Bulbul,part_3,part3/ Black-and-white Bulbul,26
black_and_white_hawk_eagle,Black-and-white Hawk-Eagle,part_3,part3/ Black-and-white Hawk-Eagle,328
black_and_white_mannikin,Black-and-white Mannikin,part_3,part3/ Black-and-white Mannikin,321
black_and_white_monjita,Black-and-white Monjita,part_3,part3/ Black-and-white Monjita,274
black_and_white_owl,Black-and-white Owl,part_3,part3/ Black-and-white Owl,548
black_and_white_seedeater,Black-and-white Seedeater,part_3,part3/ Black-and-white Seedeater,205
black_and_white_shrike_flycatcher,Black-and-white Shrike-flycatcher,part_3,part3/ Black-and-white Shrike-flycatcher,138
black_and_white_tanager,Black-and-white Tanager,part_3,part3/ Black-and-white Tanager,46
black_and_white_tody_flycatcher,Black-and-white Tody-Flycatcher,part_3,part3/ Black-and-white Tody-Flycatcher,57
black_and_white_triller,Black-and-white Triller,part_3,part3/ Black-and-white Triller,28
black_and_white_warbler,Black-and-white Warbler,part_3,part3/ Black-and-white Warbler,2240
black_and_white_casqued_hornbill,Black-and-white-casqued Hornbill,part_3,part3/ Black-and-white-casqued Hornbill,367
black_and_yellow_broadbill,Black-and-yellow Broadbill,part_3,part3/ Black-and-yellow Broadbill,869
black_and_yellow_grosbeak,Black-and-yellow Grosbeak,part_3,part3/ Black-and-yellow Grosbeak,57
black_and_yellow_tanager,Black-and-yellow Tanager,part_3,part3/ Black-and-yellow Tanager,121
black_backed_antshrike,Black-backed Antshrike,part_3,part3/ Black-backed Antshrike,60
black_backed_barbet,Black-backed Barbet,part_3,part3/ Black-backed Barbet,62
black_backed_bush_tanager,Black-backed Bush Tanager,part_3,part3/ Black-backed Bush Tanager,76
black_backed_butcherbird,Black-backed Butcherbird,part_3,part3/ Black-backed Butcherbird,132
black_backed_cisticola,Black-backed Cisticola,part_3,part3/ Black-backed Cisticola,48
black_backed_forktail,Black-backed Forktail,part_3,part3/ Black-backed Forktail,116
black_backed_grosbeak,Black-backed Grosbeak,part_3,part3/ Black-backed Grosbeak,280
black_backed_oriole,Black-backed Oriole,part_3,part3/ Black-backed Oriole,333
black_backed_puffback,Black-backed Puffback,part_3,part3/ Black-backed Puffback,522
black_backed_swamphen,Black-backed Swamphen,part_3,part3/ Black-backed Swamphen,167
black_backed_tanager,Black-backed Tanager,part_3,part3/ Black-backed Tanager,241
black_backed_thornbill,Black-backed Thornbill,part_3,part3/ Black-backed Thornbill,117
black_backed_tody_flycatcher,Black-backed Tody-Flycatcher,part_3,part3/ Black-backed Tody-Flycatcher,36
black_backed_water_tyrant,Black-backed Water Tyrant,part_3,part3/ Black-backed Water Tyrant,436
black_backed_woodpecker,Black-backed Woodpecker,part_3,part3/ Black-backed Woodpecker,1070
black_banded_barbet,Black-banded Barbet,part_3,part3/ Black-banded Barbet,44
black_banded_flycatcher,Black-banded Flycatcher,part_3,part3/ Black-banded Flycatcher,40
black_banded_fruit_dove,Black-banded Fruit Dove,part_3,part3/ Black-banded Fruit Dove,36
black_banded_owl,Black-banded Owl,part_3,part3/ Black-banded Owl,361
black_banded_woodcreeper,Black-banded Woodcreeper,part_3,part3/ Black-banded Woodcreeper,146
black_bellied_antwren,Black-bellied Antwren,part_3,part3/ Black-bellied Antwren,104
black_bellied_bustard,Black-bellied Bustard,part_3,part3/ Black-bellied Bustard,683
black_bellied_cuckoo,Black-bellied Cuckoo,part_3,part3/ Black-bellied Cuckoo,147
black_bellied_firefinch,Black-bellied Firefinch,part_3,part3/ Black-bellied Firefinch,50
black_bellied_gnateater,Black-bellied Gnateater,part_3,part3/ Black-bellied Gnateater,22
black_bellied_hummingbird,Black-bellied Hummingbird,part_3,part3/ Black-bellied Hummingbird,538
black_bellied_malkoha,Black-bellied Malkoha,part_3,part3/ Black-bellied Malkoha,130
black_bellied_myzomela,Black-bellied Myzomela,part_3,part3/ Black-bellied Myzomela,8
black_bellied_sandgrouse,Black-bellied Sandgrouse,part_3,part3/ Black-bellied Sandgrouse,1176
black_bellied_seedcracker,Black-bellied Seedcracker,part_3,part3/ Black-bellied Seedcracker,74
black_bellied_seedeater,Black-bellied Seedeater,part_3,part3/ Black-bellied Seedeater,104
black_bellied_starling,Black-bellied Starling,part_3,part3/ Black-bellied Starling,92
black_bellied_storm_petrel,Black-bellied Storm Petrel,part_3,part3/ Black-bellied Storm Petrel,224
black_bellied_sunbird,Black-bellied Sunbird,part_3,part3/ Black-bellied Sunbird,78
black_bellied_tern,Black-bellied Tern,part_3,part3/ Black-bellied Tern,226
black_bellied_whistling_duck,Black-bellied Whistling Duck,part_3,part3/ Black-bellied Whistling Duck,2849
black_bellied_wren,Black-bellied Wren,part_3,part3/ Black-bellied Wren,69
black_belted_flowerpecker,Black-belted Flowerpecker,part_3,part3/ Black-belted Flowerpecker,60
black_bibbed_monarch,Black-bibbed Monarch,part_3,part3/ Black-bibbed Monarch,5
black_bibbed_tit,Black-bibbed Tit,part_3,part3/ Black-bibbed Tit,14
black_billed_barbet,Black-billed Barbet,part_3,part3/ Black-billed Barbet,182
black_billed_capercaillie,Black-billed Capercaillie,part_3,part3/ Black-billed Capercaillie,96
black_billed_cuckoo,Black-billed Cuckoo,part_3,part3/ Black-billed Cuckoo,646
black_billed_gull,Black-billed Gull,part_3,part3/ Black-billed Gull,525
black_billed_koel,Black-billed Koel,part_3,part3/ Black-billed Koel,41
black_billed_magpie,Black-billed Magpie,part_3,part3/ Black-billed Magpie,2357
black_billed_mountain_toucan,Black-billed Mountain Toucan,part_3,part3/ Black-billed Mountain Toucan,379
black_billed_nightingale_thrush,Black-billed Nightingale-Thrush,part_3,part3/ Black-billed Nightingale-Thrush,431
black_billed_peppershrike,Black-billed Peppershrike,part_3,part3/ Black-billed Peppershrike,111
black_billed_scythebill,Black-billed Scythebill,part_3,part3/ Black-billed Scythebill,97
black_billed_seed_finch,Black-billed Seed Finch,part_3,part3/ Black-billed Seed Finch,71
black_billed_shrike_tyrant,Black-billed Shrike-Tyrant,part_3,part3/ Black-billed Shrike-Tyrant,431
black_billed_sicklebill,Black-billed Sicklebill,part_3,part3/ Black-billed Sicklebill,63
black_billed_streamertail,Black-billed Streamertail,part_3,part3/ Black-billed Streamertail,101
black_billed_thrush,Black-billed Thrush,part_3,part3/ Black-billed Thrush,816
black_billed_treehunter,Black-billed Treehunter,part_3,part3/ Black-billed Treehunter,32
black_billed_turaco,Black-billed Turaco,part_3,part3/ Black-billed Turaco,40
black_billed_weaver,Black-billed Weaver,part_3,part3/ Black-billed Weaver,65
black_billed_wood_dove,Black-billed Wood Dove,part_3,part3/ Black-billed Wood Dove,250
black_billed_wood_hoopoe,Black-billed Wood Hoopoe,part_3,part3/ Black-billed Wood Hoopoe,63
black_bodied_woodpecker,Black-bodied Woodpecker,part_3,part3/ Black-bodied Woodpecker,35
black_breasted_barbet,Black-breasted Barbet,part_3,part3/ Black-breasted Barbet,39
black_breasted_boatbill,Black-breasted Boatbill,part_3,part3/ Black-breasted Boatbill,91
black_breasted_buttonquail,Black-breasted Buttonquail,part_3,part3/ Black-breasted Buttonquail,83
black_breasted_hillstar,Black-breasted Hillstar,part_3,part3/ Black-breasted Hillstar,77
black_breasted_myzomela,Black-breasted Myzomela,part_3,part3/ Black-breasted Myzomela,43
black_breasted_parrotbill,Black-breasted Parrotbill,part_3,part3/ Black-breasted Parrotbill,42
black_breasted_puffbird,Black-breasted Puffbird,part_3,part3/ Black-breasted Puffbird,279
black_breasted_puffleg,Black-breasted Puffleg,part_3,part3/ Black-breasted Puffleg,51
black_breasted_thrush,Black-breasted Thrush,part_3,part3/ Black-breasted Thrush,427
black_breasted_weaver,Black-breasted Weaver,part_3,part3/ Black-breasted Weaver,292
black_breasted_wood_quail,Black-breasted Wood Quail,part_3,part3/ Black-breasted Wood Quail,47
black_browed_albatross,Black-browed Albatross,part_3,part3/ Black-browed Albatross,2404
black_browed_babbler,Black-browed Babbler,part_3,part3/ Black-browed Babbler,8
black_browed_barbet,Black-browed Barbet,part_3,part3/ Black-browed Barbet,104
black_browed_fulvetta,Black-browed Fulvetta,part_3,part3/ Black-browed Fulvetta,27
black_browed_reed_warbler,Black-browed Reed Warbler,part_3,part3/ Black-browed Reed Warbler,397
black_browed_triller,Black-browed Triller,part_3,part3/ Black-browed Triller,33
black_capped_apalis,Black-capped Apalis,part_3,part3/ Black-capped Apalis,11
black_capped_babbler,Black-capped Babbler,part_3,part3/ Black-capped Babbler,189
black_capped_becard,Black-capped Becard,part_3,part3/ Black-capped Becard,124
black_capped_bulbul,Black-capped Bulbul,part_3,part3/ Black-capped Bulbul,534
black_capped_catbird,Black-capped Catbird,part_3,part3/ Black-capped Catbird,20
black_capped_chickadee,Black-capped Chickadee,part_3,part3/ Black-capped Chickadee,2488
black_capped_donacobius,Black-capped Donacobius,part_3,part3/ Black-capped Donacobius,1429
black_capped_flycatcher,Black-capped Flycatcher,part_3,part3/ Black-capped Flycatcher,339
black_capped_foliage_gleaner,Black-capped Foliage-gleaner,part_3,part3/ Black-capped Foliage-gleaner,144
black_capped_hemispingus,Black-capped Hemispingus,part_3,part3/ Black-capped Hemispingus,165
black_capped_lory,Black-capped Lory,part_3,part3/ Black-capped Lory,590
black_capped_paradise_kingfisher,Black-capped Paradise Kingfisher,part_3,part3/ Black-capped Paradise Kingfisher,14
black_capped_petrel,Black-capped Petrel,part_3,part3/ Black-capped Petrel,564
black_capped_piprites,Black-capped Piprites,part_3,part3/ Black-capped Piprites,126
black_capped_pygmy_tyrant,Black-capped Pygmy Tyrant,part_3,part3/ Black-capped Pygmy Tyrant,187
black_capped_screech_owl,Black-capped Screech Owl,part_3,part3/ Black-capped Screech Owl,91
black_capped_siskin,Black-capped Siskin,part_3,part3/ Black-capped Siskin,51
black_capped_social_weaver,Black-capped Social Weaver,part_3,part3/ Black-capped Social Weaver,146
black_capped_speirops,Black-capped Speirops,part_3,part3/ Black-capped Speirops,32
black_capped_swallow,Black-capped Swallow,part_3,part3/ Black-capped Swallow,63
black_capped_tanager,Black-capped Tanager,part_3,part3/ Black-capped Tanager,911
black_capped_tyrannulet,Black-capped Tyrannulet,part_3,part3/ Black-capped Tyrannulet,101
black_capped_vireo,Black-capped Vireo,part_3,part3/ Black-capped Vireo,455
black_capped_warbling_finch,Black-capped Warbling Finch,part_3,part3/ Black-capped Warbling Finch,448
black_capped_white_eye,Black-capped White-eye,part_3,part3/ Black-capped White-eye,80
black_capped_woodland_warbler,Black-capped Woodland Warbler,part_3,part3/ Black-capped Woodland Warbler,17
black_casqued_hornbill,Black-casqued Hornbill,part_3,part3/ Black-casqued Hornbill,150
black_cheeked_ant_tanager,Black-cheeked Ant Tanager,part_3,part3/ Black-cheeked Ant Tanager,107
black_cheeked_gnateater,Black-cheeked Gnateater,part_3,part3/ Black-cheeked Gnateater,348
black_cheeked_warbler,Black-cheeked Warbler,part_3,part3/ Black-cheeked Warbler,171
black_cheeked_waxbill,Black-cheeked Waxbill,part_3,part3/ Black-cheeked Waxbill,69
black_cheeked_woodpecker,Black-cheeked Woodpecker,part_3,part3/ Black-cheeked Woodpecker,1331
black_chested_buzzard_eagle,Black-chested Buzzard-Eagle,part_3,part3/ Black-chested Buzzard-Eagle,2559
black_chested_fruiteater,Black-chested Fruiteater,part_3,part3/ Black-chested Fruiteater,28
black_chested_jay,Black-chested Jay,part_3,part3/ Black-chested Jay,470
black_chested_mountain_tanager,Black-chested Mountain Tanager,part_3,part3/ Black-chested Mountain Tanager,196
black_chested_prinia,Black-chested Prinia,part_3,part3/ Black-chested Prinia,266
black_chested_sparrow,Black-chested Sparrow,part_3,part3/ Black-chested Sparrow,98
black_chested_tyrant,Black-chested Tyrant,part_3,part3/ Black-chested Tyrant,42
black_chinned_babbler,Black-chinned Babbler,part_3,part3/ Black-chinned Babbler,102
black_chinned_fruit_dove,Black-chinned Fruit Dove,part_3,part3/ Black-chinned Fruit Dove,131
black_chinned_honeyeater,Black-chinned Honeyeater,part_3,part3/ Black-chinned Honeyeater,248
black_chinned_hummingbird,Black-chinned Hummingbird,part_3,part3/ Black-chinned Hummingbird,2760
black_chinned_monarch,Black-chinned Monarch,part_3,part3/ Black-chinned Monarch,12
black_chinned_mountain_tanager,Black-chinned Mountain Tanager,part_3,part3/ Black-chinned Mountain Tanager,376
black_chinned_robin,Black-chinned Robin,part_3,part3/ Black-chinned Robin,5
black_chinned_siskin,Black-chinned Siskin,part_3,part3/ Black-chinned Siskin,481
black_chinned_sparrow,Black-chinned Sparrow,part_3,part3/ Black-chinned Sparrow,831
black_chinned_weaver,Black-chinned Weaver,part_3,part3/ Black-chinned Weaver,5
black_chinned_whistler,Black-chinned Whistler,part_3,part3/ Black-chinned Whistler,40
black_chinned_yuhina,Black-chinned Yuhina,part_3,part3/ Black-chinned Yuhina,149
black_collared_apalis,Black-collared Apalis,part_3,part3/ Black-collared Apalis,45
black_collared_barbet,Black-collared Barbet,part_3,part3/ Black-collared Barbet,858
black_collared_bulbul,Black-collared Bulbul,part_3,part3/ Black-collared Bulbul,26
black_collared_hawk,Black-collared Hawk,part_3,part3/ Black-collared Hawk,1980
black_collared_jay,Black-collared Jay,part_3,part3/ Black-collared Jay,116
black_collared_lovebird,Black-collared Lovebird,part_3,part3/ Black-collared Lovebird,36
black_collared_starling,Black-collared Starling,part_3,part3/ Black-collared Starling,649
black_collared_swallow,Black-collared Swallow,part_3,part3/ Black-collared Swallow,74
black_cowled_oriole,Black-cowled Oriole,part_3,part3/ Black-cowled Oriole,720
black_cowled_saltator,Black-cowled Saltator,part_3,part3/ Black-cowled Saltator,71
black_crested_antshrike,Black-crested Antshrike,part_3,part3/ Black-crested Antshrike,485
black_crested_bulbul,Black-crested Bulbul,part_3,part3/ Black-crested Bulbul,751
black_crested_coquette,Black-crested Coquette,part_3,part3/ Black-crested Coquette,508
black_crested_finch,Black-crested Finch,part_3,part3/ Black-crested Finch,86
black_crested_tit_tyrant,Black-crested Tit-Tyrant,part_3,part3/ Black-crested Tit-Tyrant,81
black_crested_titmouse,Black-crested Titmouse,part_3,part3/ Black-crested Titmouse,1252
black_crested_warbler,Black-crested Warbler,part_3,part3/ Black-crested Warbler,186
black_crowned_antpitta,Black-crowned Antpitta,part_3,part3/ Black-crowned Antpitta,68
black_crowned_antshrike,Black-crowned Antshrike,part_3,part3/ Black-crowned Antshrike,559
black_crowned_babbler,Black-crowned Babbler,part_3,part3/ Black-crowned Babbler,11
blackburnian_warbler,Blackburnian Warbler,part_3,part3/ Blackburnian Warbler,1746
blackcap_babbler,Blackcap Babbler,part_3,part3/ Blackcap Babbler,147
,,part_3,,0
