bird_name,bird_name_raw,dataset_part,folder,nb_images
macqueens_bustard,Macqueen's Bustard,part_10,0. Macqueen's Bustard,237
madaraszs_tiger_parrot,Madarasz's Tiger Parrot,part_10,0. Madarasz's Tiger Parrot,14
madeira_firecrest,Madeira Firecrest,part_10,0. Madeira Firecrest,193
magdalena_antbird,Magdalena Antbird,part_10,0. Magdalena Antbird,36
magdalena_tapaculo,Magdalena Tapaculo,part_10,0. Magdalena Tapaculo,12
magellanic_diving_petrel,Magellanic Diving Petrel,part_10,0. Magellanic Diving Petrel,41
magellanic_oystercatcher,Magellanic Oystercatcher,part_10,0. Magellanic Oystercatcher,871
magellanic_penguin,Magellanic Penguin,part_10,0. Magellanic Penguin,2259
magellanic_plover,Magellanic Plover,part_10,0. Magellanic Plover,454
magellanic_tapaculo,Magellanic Tapaculo,part_10,0. Magellanic Tapaculo,145
magellanic_woodpecker,Magellanic Woodpecker,part_10,0. Magellanic Woodpecker,869
magenta_petrel,Magenta Petrel,part_10,0. Magenta Petrel,43
magenta_throated_woodstar,Magenta-throated Woodstar,part_10,0. Magenta-throated Woodstar,416
maghreb_magpie,Maghreb Magpie,part_10,0. Maghreb Magpie,207
maghreb_owl,Maghreb Owl,part_10,0. Maghreb Owl,50
magnificent_bird_of_paradise,Magnificent Bird-of-paradise,part_10,0. Magnificent Bird-of-paradise,275
magnificent_frigatebird,Magnificent Frigatebird,part_10,0. Magnificent Frigatebird,2349
magnificent_riflebird,Magnificent Riflebird,part_10,0. Magnificent Riflebird,126
magnificent_sunbird,Magnificent Sunbird,part_10,0. Magnificent Sunbird,77
magnolia_warbler,Magnolia Warbler,part_10,0. Magnolia Warbler,1772
magpie_goose,Magpie Goose,part_10,0. Magpie Goose,2399
magpie_mannikin,Magpie Mannikin,part_10,0. Magpie Mannikin,130
magpie_starling,Magpie Starling,part_10,0. Magpie Starling,58
magpie_tanager,Magpie Tanager,part_10,0. Magpie Tanager,765
magpie_lark,Magpie-lark,part_10,0. Magpie-lark,2321
maguari_stork,Maguari Stork,part_10,0. Maguari Stork,1141
makatea_fruit_dove,Makatea Fruit Dove,part_10,0. Makatea Fruit Dove,20
makira_cicadabird,Makira Cicadabird,part_10,0. Makira Cicadabird,4
makira_dwarf_kingfisher,Makira Dwarf Kingfisher,part_10,0. Makira Dwarf Kingfisher,4
makira_honeyeater,Makira Honeyeater,part_10,0. Makira Honeyeater,6
makira_leaf_warbler,Makira Leaf Warbler,part_10,0. Makira Leaf Warbler,11
makira_starling,Makira Starling,part_10,0. Makira Starling,13
makira_thrush,Makira Thrush,part_10,0. Makira Thrush,1
malabar_barbet,Malabar Barbet,part_10,0. Malabar Barbet,137
malabar_gray_hornbill,Malabar Gray Hornbill,part_10,0. Malabar Gray Hornbill,606
malabar_lark,Malabar Lark,part_10,0. Malabar Lark,420
malabar_pied_hornbill,Malabar Pied Hornbill,part_10,0. Malabar Pied Hornbill,812
malabar_starling,Malabar Starling,part_10,0. Malabar Starling,328
malabar_trogon,Malabar Trogon,part_10,0. Malabar Trogon,513
malabar_whistling_thrush,Malabar Whistling Thrush,part_10,0. Malabar Whistling Thrush,461
malabar_woodshrike,Malabar Woodshrike,part_10,0. Malabar Woodshrike,186
malachite_kingfisher,Malachite Kingfisher,part_10,0. Malachite Kingfisher,1108
malachite_sunbird,Malachite Sunbird,part_10,0. Malachite Sunbird,660
malagasy_brush_warbler,Malagasy Brush Warbler,part_10,0. Malagasy Brush Warbler,88
malagasy_bulbul,Malagasy Bulbul,part_10,0. Malagasy Bulbul,325
malagasy_coucal,Malagasy Coucal,part_10,0. Malagasy Coucal,187
malagasy_harrier,Malagasy Harrier,part_10,0. Malagasy Harrier,47
malagasy_kestrel,Malagasy Kestrel,part_10,0. Malagasy Kestrel,295
malagasy_kingfisher,Malagasy Kingfisher,part_10,0. Malagasy Kingfisher,342
malagasy_palm_swift,Malagasy Palm Swift,part_10,0. Malagasy Palm Swift,7
malagasy_paradise_flycatcher,Malagasy Paradise Flycatcher,part_10,0. Malagasy Paradise Flycatcher,555
malagasy_pond_heron,Malagasy Pond Heron,part_10,0. Malagasy Pond Heron,184
malagasy_sacred_ibis,Malagasy Sacred Ibis,part_10,0. Malagasy Sacred Ibis,113
malagasy_turtle_dove,Malagasy Turtle Dove,part_10,0. Malagasy Turtle Dove,282
malagasy_white_eye,Malagasy White-eye,part_10,0. Malagasy White-eye,129
malaita_fantail,Malaita Fantail,part_10,0. Malaita Fantail,3
malaita_white_eye,Malaita White-eye,part_10,0. Malaita White-eye,5
malayan_banded_pitta,Malayan Banded Pitta,part_10,0. Malayan Banded Pitta,375
malayan_laughingthrush,Malayan Laughingthrush,part_10,0. Malayan Laughingthrush,165
malayan_night_heron,Malayan Night Heron,part_10,0. Malayan Night Heron,2020
malayan_peacock_pheasant,Malayan Peacock-Pheasant,part_10,0. Malayan Peacock-Pheasant,237
malayan_whistling_thrush,Malayan Whistling Thrush,part_10,0. Malayan Whistling Thrush,61
malaysian_blue_flycatcher,Malaysian Blue Flycatcher,part_10,0. Malaysian Blue Flycatcher,148
malaysian_eared_nightjar,Malaysian Eared Nightjar,part_10,0. Malaysian Eared Nightjar,13
malaysian_honeyguide,Malaysian Honeyguide,part_10,0. Malaysian Honeyguide,50
malaysian_pied_fantail,Malaysian Pied Fantail,part_10,0. Malaysian Pied Fantail,1678
malaysian_plover,Malaysian Plover,part_10,0. Malaysian Plover,633
maleo,Maleo,part_10,0. Maleo,422
malherbes_parakeet,Malherbe's Parakeet,part_10,0. Malherbe's Parakeet,58
malindi_pipit,Malindi Pipit,part_10,0. Malindi Pipit,59
mallard,Mallard,part_10,0. Mallard,3038
mallee_emu_wren,Mallee Emu-wren,part_10,0. Mallee Emu-wren,124
malleefowl,Malleefowl,part_10,0. Malleefowl,467
manchurian_bush_warbler,Manchurian Bush Warbler,part_10,0. Manchurian Bush Warbler,142
manchurian_reed_warbler,Manchurian Reed Warbler,part_10,0. Manchurian Reed Warbler,98
mandarin_duck,Mandarin Duck,part_10,0. Mandarin Duck,2934
maned_duck,Maned Duck,part_10,0. Maned Duck,2799
maned_owl,Maned Owl,part_10,0. Maned Owl,24
mangareva_reed_warbler,Mangareva Reed Warbler,part_10,0. Mangareva Reed Warbler,1
mangrove_blue_flycatcher,Mangrove Blue Flycatcher,part_10,0. Mangrove Blue Flycatcher,470
mangrove_cuckoo,Mangrove Cuckoo,part_10,0. Mangrove Cuckoo,981
mangrove_fantail,Mangrove Fantail,part_10,0. Mangrove Fantail,75
mangrove_finch,Mangrove Finch,part_10,0. Mangrove Finch,60
mangrove_gerygone,Mangrove Gerygone,part_10,0. Mangrove Gerygone,256
mangrove_honeyeater,Mangrove Honeyeater,part_10,0. Mangrove Honeyeater,134
mangrove_hummingbird,Mangrove Hummingbird,part_10,0. Mangrove Hummingbird,157
mangrove_kingfisher,Mangrove Kingfisher,part_10,0. Mangrove Kingfisher,150
mangrove_pitta,Mangrove Pitta,part_10,0. Mangrove Pitta,407
mangrove_rail,Mangrove Rail,part_10,0. Mangrove Rail,1377
mangrove_robin,Mangrove Robin,part_10,0. Mangrove Robin,81
mangrove_swallow,Mangrove Swallow,part_10,0. Mangrove Swallow,1119
mangrove_vireo,Mangrove Vireo,part_10,0. Mangrove Vireo,233
mangrove_whistler,Mangrove Whistler,part_10,0. Mangrove Whistler,184
manicore_warbling_antbird,Manicore Warbling Antbird,part_10,0. Manicore Warbling Antbird,3
manipur_bush_quail,Manipur Bush Quail,part_10,0. Manipur Bush Quail,32
mantanani_scops_owl,Mantanani Scops Owl,part_10,0. Mantanani Scops Owl,79
mantled_hawk,Mantled Hawk,part_10,0. Mantled Hawk,92
manu_antbird,Manu Antbird,part_10,0. Manu Antbird,33
manus_boobook,Manus Boobook,part_10,0. Manus Boobook,8
manus_cuckooshrike,Manus Cuckooshrike,part_10,0. Manus Cuckooshrike,15
manus_dwarf_kingfisher,Manus Dwarf Kingfisher,part_10,0. Manus Dwarf Kingfisher,9
manus_fantail,Manus Fantail,part_10,0. Manus Fantail,38
manus_masked_owl,Manus Masked Owl,part_10,0. Manus Masked Owl,5
manus_monarch,Manus Monarch,part_10,0. Manus Monarch,9
manx_shearwater,Manx Shearwater,part_10,0. Manx Shearwater,2043
many_banded_aracari,Many-banded Aracari,part_10,0. Many-banded Aracari,343
many_colored_bushshrike,Many-colored Bushshrike,part_10,0. Many-colored Bushshrike,18
many_colored_chaco_finch,Many-colored Chaco Finch,part_10,0. Many-colored Chaco Finch,185
many_colored_fruit_dove,Many-colored Fruit Dove,part_10,0. Many-colored Fruit Dove,77
many_colored_rush_tyrant,Many-colored Rush Tyrant,part_10,0. Many-colored Rush Tyrant,950
many_spotted_hummingbird,Many-spotted Hummingbird,part_10,0. Many-spotted Hummingbird,326
many_striped_canastero,Many-striped Canastero,part_10,0. Many-striped Canastero,287
mao,Mao,part_10,0. Mao,40
maquis_canastero,Maquis Canastero,part_10,0. Maquis Canastero,20
marabou_stork,Marabou Stork,part_10,0. Marabou Stork,1689
maracaibo_tody_flycatcher,Maracaibo Tody-Flycatcher,part_10,0. Maracaibo Tody-Flycatcher,23
marail_guan,Marail Guan,part_10,0. Marail Guan,66
marbled_frogmouth,Marbled Frogmouth,part_10,0. Marbled Frogmouth,76
marbled_godwit,Marbled Godwit,part_10,0. Marbled Godwit,2690
marbled_honeyeater,Marbled Honeyeater,part_10,0. Marbled Honeyeater,19
marbled_murrelet,Marbled Murrelet,part_10,0. Marbled Murrelet,867
marbled_wood_quail,Marbled Wood Quail,part_10,0. Marbled Wood Quail,119
marbled_wren_babbler,Marbled Wren-Babbler,part_10,0. Marbled Wren-Babbler,15
marble_faced_bristle_tyrant,Marble-faced Bristle Tyrant,part_10,0. Marble-faced Bristle Tyrant,133
marcapata_spinetail,Marcapata Spinetail,part_10,0. Marcapata Spinetail,89
mariana_crow,Mariana Crow,part_10,0. Mariana Crow,34
mariana_fruit_dove,Mariana Fruit Dove,part_10,0. Mariana Fruit Dove,105
mariana_kingfisher,Mariana Kingfisher,part_10,0. Mariana Kingfisher,64
mariana_swiftlet,Mariana Swiftlet,part_10,0. Mariana Swiftlet,26
marianne_white_eye,Marianne White-eye,part_10,0. Marianne White-eye,10
marigold_lorikeet,Marigold Lorikeet,part_10,0. Marigold Lorikeet,56
markhams_storm_petrel,Markham's Storm Petrel,part_10,0. Markham's Storm Petrel,38
marmoras_warbler,Marmora's Warbler,part_10,0. Marmora's Warbler,171
maroon_oriole,Maroon Oriole,part_10,0. Maroon Oriole,526
maroon_backed_accentor,Maroon-backed Accentor,part_10,0. Maroon-backed Accentor,116
maroon_backed_whistler,Maroon-backed Whistler,part_10,0. Maroon-backed Whistler,10
maroon_bellied_parakeet,Maroon-bellied Parakeet,part_10,0. Maroon-bellied Parakeet,1251
maroon_belted_chat_tyrant,Maroon-belted Chat-Tyrant,part_10,0. Maroon-belted Chat-Tyrant,27
maroon_breasted_philentoma,Maroon-breasted Philentoma,part_10,0. Maroon-breasted Philentoma,74
maroon_chested_ground_dove,Maroon-chested Ground Dove,part_10,0. Maroon-chested Ground Dove,39
maroon_fronted_parrot,Maroon-fronted Parrot,part_10,0. Maroon-fronted Parrot,114
maroon_naped_sunbird,Maroon-naped Sunbird,part_10,0. Maroon-naped Sunbird,96
maroon_tailed_parakeet,Maroon-tailed Parakeet,part_10,0. Maroon-tailed Parakeet,142
marquesan_swiftlet,Marquesan Swiftlet,part_10,0. Marquesan Swiftlet,7
marsh_antwren,Marsh Antwren,part_10,0. Marsh Antwren,85
marsh_babbler,Marsh Babbler,part_10,0. Marsh Babbler,45
marsh_grassbird,Marsh Grassbird,part_10,0. Marsh Grassbird,85
marsh_owl,Marsh Owl,part_10,0. Marsh Owl,273
marsh_sandpiper,Marsh Sandpiper,part_10,0. Marsh Sandpiper,2358
marsh_seedeater,Marsh Seedeater,part_10,0. Marsh Seedeater,156
marsh_tchagra,Marsh Tchagra,part_10,0. Marsh Tchagra,88
marsh_warbler,Marsh Warbler,part_10,0. Marsh Warbler,1289
marsh_widowbird,Marsh Widowbird,part_10,0. Marsh Widowbird,33
marsh_wren,Marsh Wren,part_10,0. Marsh Wren,2321
martenss_warbler,Martens's Warbler,part_10,0. Martens's Warbler,15
martial_eagle,Martial Eagle,part_10,0. Martial Eagle,1828
martinique_oriole,Martinique Oriole,part_10,0. Martinique Oriole,52
marvelous_spatuletail,Marvelous Spatuletail,part_10,0. Marvelous Spatuletail,249
masafuera_rayadito,Masafuera Rayadito,part_10,0. Masafuera Rayadito,21
mascarene_coot,Mascarene Coot,part_10,0. Mascarene Coot,3
mascarene_martin,Mascarene Martin,part_10,0. Mascarene Martin,158
mascarene_paradise_flycatcher,Mascarene Paradise Flycatcher,part_10,0. Mascarene Paradise Flycatcher,177
mascarene_parrot,Mascarene Parrot,part_10,0. Mascarene Parrot,55
mascarene_petrel,Mascarene Petrel,part_10,0. Mascarene Petrel,30
mascarene_swiftlet,Mascarene Swiftlet,part_10,0. Mascarene Swiftlet,52
masked_antpitta,Masked Antpitta,part_10,0. Masked Antpitta,16
masked_booby,Masked Booby,part_10,0. Masked Booby,1862
masked_bowerbird,Masked Bowerbird,part_10,0. Masked Bowerbird,85
masked_cardinal,Masked Cardinal,part_10,0. Masked Cardinal,245
masked_crimson_tanager,Masked Crimson Tanager,part_10,0. Masked Crimson Tanager,371
masked_duck,Masked Duck,part_10,0. Masked Duck,762
masked_finch,Masked Finch,part_10,0. Masked Finch,298
masked_finfoot,Masked Finfoot,part_10,0. Masked Finfoot,57
masked_flowerpiercer,Masked Flowerpiercer,part_10,0. Masked Flowerpiercer,833
masked_fruiteater,Masked Fruiteater,part_10,0. Masked Fruiteater,78
masked_gnatcatcher,Masked Gnatcatcher,part_10,0. Masked Gnatcatcher,1014
masked_lapwing,Masked Lapwing,part_10,0. Masked Lapwing,2924
masked_lark,Masked Lark,part_10,0. Masked Lark,46
masked_laughingthrush,Masked Laughingthrush,part_10,0. Masked Laughingthrush,487
masked_saltator,Masked Saltator,part_10,0. Masked Saltator,68
masked_shining_parrot,Masked Shining Parrot,part_10,0. Masked Shining Parrot,67
masked_shrike,Masked Shrike,part_10,0. Masked Shrike,802
masked_tanager,Masked Tanager,part_10,0. Masked Tanager,216
masked_tityra,Masked Tityra,part_10,0. Masked Tityra,1295
masked_trogon,Masked Trogon,part_10,0. Masked Trogon,1387
masked_water_tyrant,Masked Water Tyrant,part_10,0. Masked Water Tyrant,2404
masked_woodswallow,Masked Woodswallow,part_10,0. Masked Woodswallow,457
mato_grosso_antbird,Mato Grosso Antbird,part_10,0. Mato Grosso Antbird,71
matsudairas_storm_petrel,Matsudaira's Storm Petrel,part_10,0. Matsudaira's Storm Petrel,95
maui_akepa,Maui Akepa,part_10,0. Maui Akepa,4
maui_alauahio,Maui Alauahio,part_10,0. Maui Alauahio,108
maui_nukupuu,Maui Nukupuu,part_10,0. Maui Nukupuu,3
maui_parrotbill,Maui Parrotbill,part_10,0. Maui Parrotbill,46
maupiti_monarch,Maupiti Monarch,part_10,0. Maupiti Monarch,2
mauritius_bulbul,Mauritius Bulbul,part_10,0. Mauritius Bulbul,94
mauritius_cuckooshrike,Mauritius Cuckooshrike,part_10,0. Mauritius Cuckooshrike,39
mauritius_fody,Mauritius Fody,part_10,0. Mauritius Fody,216
mauritius_gray_white_eye,Mauritius Gray White-eye,part_10,0. Mauritius Gray White-eye,150
mauritius_kestrel,Mauritius Kestrel,part_10,0. Mauritius Kestrel,192
mauritius_night_heron,Mauritius Night Heron,part_10,0. Mauritius Night Heron,2
maxwells_black_weaver,Maxwell's Black Weaver,part_10,0. Maxwell's Black Weaver,12
mayan_antthrush,Mayan Antthrush,part_10,0. Mayan Antthrush,30
mayotte_drongo,Mayotte Drongo,part_10,0. Mayotte Drongo,29
mayotte_scops_owl,Mayotte Scops Owl,part_10,0. Mayotte Scops Owl,25
mayotte_sunbird,Mayotte Sunbird,part_10,0. Mayotte Sunbird,58
mayotte_white_eye,Mayotte White-eye,part_10,0. Mayotte White-eye,19
mayrs_honeyeater,Mayr's Honeyeater,part_10,0. Mayr's Honeyeater,1
mayrs_swiftlet,Mayr's Swiftlet,part_10,0. Mayr's Swiftlet,3
mbulu_white_eye,Mbulu White-eye,part_10,0. Mbulu White-eye,13
mcconnells_flycatcher,McConnell's Flycatcher,part_10,0. McConnell's Flycatcher,49
mcconnells_spinetail,McConnell's Spinetail,part_10,0. McConnell's Spinetail,14
mcgregors_cuckooshrike,McGregor's Cuckooshrike,part_10,0. McGregor's Cuckooshrike,12
mckays_bunting,McKay's Bunting,part_10,0. McKay's Bunting,162
meadow_pipit,Meadow Pipit,part_10,0. Meadow Pipit,2678
mediterranean_gull,Mediterranean Gull,part_10,0. Mediterranean Gull,2315
medium_ground_finch,Medium Ground Finch,part_10,0. Medium Ground Finch,703
medium_tree_finch,Medium Tree Finch,part_10,0. Medium Tree Finch,78
meeks_pygmy_parrot,Meek's Pygmy Parrot,part_10,0. Meek's Pygmy Parrot,5
meess_nightjar,Mees's Nightjar,part_10,0. Mees's Nightjar,11
mekong_wagtail,Mekong Wagtail,part_10,0. Mekong Wagtail,84
melancholy_woodpecker,Melancholy Woodpecker,part_10,0. Melancholy Woodpecker,30
melanesian_flycatcher,Melanesian Flycatcher,part_10,0. Melanesian Flycatcher,101
melanesian_kingfisher,Melanesian Kingfisher,part_10,0. Melanesian Kingfisher,21
melanesian_megapode,Melanesian Megapode,part_10,0. Melanesian Megapode,40
mellers_duck,Meller's Duck,part_10,0. Meller's Duck,187
melodious_blackbird,Melodious Blackbird,part_10,0. Melodious Blackbird,562
melodious_warbler,Melodious Warbler,part_10,0. Melodious Warbler,1926
menetriess_warbler,Menetries's Warbler,part_10,0. Menetries's Warbler,221
mentawai_scops_owl,Mentawai Scops Owl,part_10,0. Mentawai Scops Owl,30
merida_flowerpiercer,Merida Flowerpiercer,part_10,0. Merida Flowerpiercer,37
merida_sunangel,Merida Sunangel,part_10,0. Merida Sunangel,34
merida_tapaculo,Merida Tapaculo,part_10,0. Merida Tapaculo,7
merida_wren,Merida Wren,part_10,0. Merida Wren,17
merlin,Merlin,part_10,0. Merlin,2256
metallic_pigeon,Metallic Pigeon,part_10,0. Metallic Pigeon,196
metallic_starling,Metallic Starling,part_10,0. Metallic Starling,783
metallic_green_tanager,Metallic-green Tanager,part_10,0. Metallic-green Tanager,183
metallic_winged_sunbird,Metallic-winged Sunbird,part_10,0. Metallic-winged Sunbird,62
mevess_starling,Meves's Starling,part_10,0. Meves's Starling,364
mewing_kingfisher,Mewing Kingfisher,part_10,0. Mewing Kingfisher,8
mexican_duck,Mexican Duck,part_10,0. Mexican Duck,811
mexican_hermit,Mexican Hermit,part_10,0. Mexican Hermit,31
mexican_jay,Mexican Jay,part_10,0. Mexican Jay,1127
mexican_parrotlet,Mexican Parrotlet,part_10,0. Mexican Parrotlet,117
mexican_sheartail,Mexican Sheartail,part_10,0. Mexican Sheartail,241
mexican_whip_poor_will,Mexican Whip-poor-will,part_10,0. Mexican Whip-poor-will,51
mexican_woodnymph,Mexican Woodnymph,part_10,0. Mexican Woodnymph,62
meyers_friarbird,Meyer's Friarbird,part_10,0. Meyer's Friarbird,17
meyers_parrot,Meyer's Parrot,part_10,0. Meyer's Parrot,495
micronesian_imperial_pigeon,Micronesian Imperial Pigeon,part_10,0. Micronesian Imperial Pigeon,16
micronesian_megapode,Micronesian Megapode,part_10,0. Micronesian Megapode,44
micronesian_myzomela,Micronesian Myzomela,part_10,0. Micronesian Myzomela,131
micronesian_starling,Micronesian Starling,part_10,0. Micronesian Starling,101
middendorffs_grasshopper_warbler,Middendorff's Grasshopper Warbler,part_10,0. Middendorff's Grasshopper Warbler,97
middle_american_screech_owl,Middle American Screech Owl,part_10,0. Middle American Screech Owl,142
middle_spotted_woodpecker,Middle Spotted Woodpecker,part_10,0. Middle Spotted Woodpecker,581
midget_flowerpecker,Midget Flowerpecker,part_10,0. Midget Flowerpecker,16
mid_mountain_berrypecker,Mid-mountain Berrypecker,part_10,0. Mid-mountain Berrypecker,12
mikado_pheasant,Mikado Pheasant,part_10,0. Mikado Pheasant,981
military_macaw,Military Macaw,part_10,0. Military Macaw,1177
milky_stork,Milky Stork,part_10,0. Milky Stork,934
mimic_honeyeater,Mimic Honeyeater,part_10,0. Mimic Honeyeater,49
minas_gerais_tyrannulet,Minas Gerais Tyrannulet,part_10,0. Minas Gerais Tyrannulet,45
mindanao_bleeding_heart,Mindanao Bleeding-heart,part_10,0. Mindanao Bleeding-heart,267
mindanao_blue_fantail,Mindanao Blue Fantail,part_10,0. Mindanao Blue Fantail,17
mindanao_brown_dove,Mindanao Brown Dove,part_10,0. Mindanao Brown Dove,18
mindanao_hornbill,Mindanao Hornbill,part_10,0. Mindanao Hornbill,116
mindanao_lorikeet,Mindanao Lorikeet,part_10,0. Mindanao Lorikeet,86
mindanao_pygmy_babbler,Mindanao Pygmy Babbler,part_10,0. Mindanao Pygmy Babbler,20
mindanao_scops_owl,Mindanao Scops Owl,part_10,0. Mindanao Scops Owl,19
mindanao_white_eye,Mindanao White-eye,part_10,0. Mindanao White-eye,24
mindoro_bleeding_heart,Mindoro Bleeding-heart,part_10,0. Mindoro Bleeding-heart,15
mindoro_bulbul,Mindoro Bulbul,part_10,0. Mindoro Bulbul,35
mindoro_hornbill,Mindoro Hornbill,part_10,0. Mindoro Hornbill,41
mindoro_imperial_pigeon,Mindoro Imperial Pigeon,part_10,0. Mindoro Imperial Pigeon,27
mindoro_scops_owl,Mindoro Scops Owl,part_10,0. Mindoro Scops Owl,25
minute_hermit,Minute Hermit,part_10,0. Minute Hermit,102
miombo_rock_thrush,Miombo Rock Thrush,part_10,0. Miombo Rock Thrush,84
miombo_scrub_robin,Miombo Scrub Robin,part_10,0. Miombo Scrub Robin,34
miombo_tit,Miombo Tit,part_10,0. Miombo Tit,36
miombo_wren_warbler,Miombo Wren-Warbler,part_10,0. Miombo Wren-Warbler,36
mishana_tyrannulet,Mishana Tyrannulet,part_10,0. Mishana Tyrannulet,50
mistle_thrush,Mistle Thrush,part_10,0. Mistle Thrush,2679
mistletoe_tyrannulet,Mistletoe Tyrannulet,part_10,0. Mistletoe Tyrannulet,217
mistletoebird,Mistletoebird,part_10,0. Mistletoebird,1002
mitred_parakeet,Mitred Parakeet,part_10,0. Mitred Parakeet,464
moheli_brush_warbler,Moheli Brush Warbler,part_10,0. Moheli Brush Warbler,6
moheli_bulbul,Moheli Bulbul,part_10,0. Moheli Bulbul,5
moheli_scops_owl,Moheli Scops Owl,part_10,0. Moheli Scops Owl,28
moltonis_warbler,Moltoni's Warbler,part_10,0. Moltoni's Warbler,127
moluccan_cuckoo,Moluccan Cuckoo,part_10,0. Moluccan Cuckoo,28
moluccan_cuckooshrike,Moluccan Cuckooshrike,part_10,0. Moluccan Cuckooshrike,45
moluccan_drongo_cuckoo,Moluccan Drongo-Cuckoo,part_10,0. Moluccan Drongo-Cuckoo,39
moluccan_dwarf_kingfisher,Moluccan Dwarf Kingfisher,part_10,0. Moluccan Dwarf Kingfisher,40
moluccan_flycatcher,Moluccan Flycatcher,part_10,0. Moluccan Flycatcher,47
moluccan_hanging_parrot,Moluccan Hanging Parrot,part_10,0. Moluccan Hanging Parrot,22
moluccan_king_parrot,Moluccan King Parrot,part_10,0. Moluccan King Parrot,97
moluccan_megapode,Moluccan Megapode,part_10,0. Moluccan Megapode,34
moluccan_owlet_nightjar,Moluccan Owlet-nightjar,part_10,0. Moluccan Owlet-nightjar,48
moluccan_scops_owl,Moluccan Scops Owl,part_10,0. Moluccan Scops Owl,76
moluccan_starling,Moluccan Starling,part_10,0. Moluccan Starling,64
moluccan_woodcock,Moluccan Woodcock,part_10,0. Moluccan Woodcock,27
mombasa_woodpecker,Mombasa Woodpecker,part_10,0. Mombasa Woodpecker,25
mongolian_finch,Mongolian Finch,part_10,0. Mongolian Finch,263
mongolian_lark,Mongolian Lark,part_10,0. Mongolian Lark,198
mongolian_short_toed_lark,Mongolian Short-toed Lark,part_10,0. Mongolian Short-toed Lark,156
monk_parakeet,Monk Parakeet,part_10,0. Monk Parakeet,2598
monotonous_lark,Monotonous Lark,part_10,0. Monotonous Lark,81
montagus_harrier,Montagu's Harrier,part_10,0. Montagu's Harrier,2665
montane_foliage_gleaner,Montane Foliage-gleaner,part_10,0. Montane Foliage-gleaner,132
montane_nightjar,Montane Nightjar,part_10,0. Montane Nightjar,60
montane_woodcreeper,Montane Woodcreeper,part_10,0. Montane Woodcreeper,416
monte_yellow_finch,Monte Yellow Finch,part_10,0. Monte Yellow Finch,41
monteiros_bushshrike,Monteiro's Bushshrike,part_10,0. Monteiro's Bushshrike,12
monteiros_hornbill,Monteiro's Hornbill,part_10,0. Monteiro's Hornbill,183
monteiros_storm_petrel,Monteiro's Storm Petrel,part_10,0. Monteiro's Storm Petrel,21
montezuma_oropendola,Montezuma Oropendola,part_10,0. Montezuma Oropendola,1392
montezuma_quail,Montezuma Quail,part_10,0. Montezuma Quail,640
montserrat_oriole,Montserrat Oriole,part_10,0. Montserrat Oriole,139
moorea_reed_warbler,Moorea Reed Warbler,part_10,0. Moorea Reed Warbler,4
moorea_sandpiper,Moorea Sandpiper,part_10,0. Moorea Sandpiper,6
moorland_chat,Moorland Chat,part_10,0. Moorland Chat,186
moreaus_sunbird,Moreau's Sunbird,part_10,0. Moreau's Sunbird,9
morepork,Morepork,part_10,0. Morepork,879
morningbird,Morningbird,part_10,0. Morningbird,27
mosque_swallow,Mosque Swallow,part_10,0. Mosque Swallow,151
moss_backed_tanager,Moss-backed Tanager,part_10,0. Moss-backed Tanager,240
mossy_nest_swiftlet,Mossy-nest Swiftlet,part_10,0. Mossy-nest Swiftlet,44
mottle_backed_elaenia,Mottle-backed Elaenia,part_10,0. Mottle-backed Elaenia,71
mottle_cheeked_tyrannulet,Mottle-cheeked Tyrannulet,part_10,0. Mottle-cheeked Tyrannulet,330
mottled_berryhunter,Mottled Berryhunter,part_10,0. Mottled Berryhunter,16
mottled_duck,Mottled Duck,part_10,0. Mottled Duck,1982
mottled_flowerpecker,Mottled Flowerpecker,part_10,0. Mottled Flowerpecker,20
mottled_owl,Mottled Owl,part_10,0. Mottled Owl,701
mottled_petrel,Mottled Petrel,part_10,0. Mottled Petrel,192
mottled_piculet,Mottled Piculet,part_10,0. Mottled Piculet,142
mottled_spinetail,Mottled Spinetail,part_10,0. Mottled Spinetail,71
mottled_swift,Mottled Swift,part_10,0. Mottled Swift,57
mottled_wood_owl,Mottled Wood Owl,part_10,0. Mottled Wood Owl,250
mount_kupe_bushshrike,Mount Kupe Bushshrike,part_10,0. Mount Kupe Bushshrike,4
mount_victoria_babax,Mount Victoria Babax,part_10,0. Mount Victoria Babax,26
mountain_avocetbill,Mountain Avocetbill,part_10,0. Mountain Avocetbill,62
mountain_bamboo_partridge,Mountain Bamboo Partridge,part_10,0. Mountain Bamboo Partridge,407
mountain_barbet,Mountain Barbet,part_10,0. Mountain Barbet,29
mountain_blackeye,Mountain Blackeye,part_10,0. Mountain Blackeye,45
mountain_bluebird,Mountain Bluebird,part_10,0. Mountain Bluebird,2294
mountain_bulbul,Mountain Bulbul,part_10,0. Mountain Bulbul,488
mountain_buzzard,Mountain Buzzard,part_10,0. Mountain Buzzard,94
mountain_chickadee,Mountain Chickadee,part_10,0. Mountain Chickadee,2167
mountain_chiffchaff,Mountain Chiffchaff,part_10,0. Mountain Chiffchaff,145
mountain_elaenia,Mountain Elaenia,part_10,0. Mountain Elaenia,498
mountain_fulvetta,Mountain Fulvetta,part_10,0. Mountain Fulvetta,248
mountain_hawk_eagle,Mountain Hawk-Eagle,part_10,0. Mountain Hawk-Eagle,312
mountain_honeyeater,Mountain Honeyeater,part_10,0. Mountain Honeyeater,13
mountain_illadopsis,Mountain Illadopsis,part_10,0. Mountain Illadopsis,18
mountain_imperial_pigeon,Mountain Imperial Pigeon,part_10,0. Mountain Imperial Pigeon,444
mountain_kingfisher,Mountain Kingfisher,part_10,0. Mountain Kingfisher,21
mountain_leaf_warbler,Mountain Leaf Warbler,part_10,0. Mountain Leaf Warbler,162
mountain_mouse_warbler,Mountain Mouse-warbler,part_10,0. Mountain Mouse-warbler,34
mountain_owlet_nightjar,Mountain Owlet-nightjar,part_10,0. Mountain Owlet-nightjar,74
mountain_parakeet,Mountain Parakeet,part_10,0. Mountain Parakeet,242
mountain_peacock_pheasant,Mountain Peacock-Pheasant,part_10,0. Mountain Peacock-Pheasant,425
mountain_peltops,Mountain Peltops,part_10,0. Mountain Peltops,49
mountain_pipit,Mountain Pipit,part_10,0. Mountain Pipit,79
mountain_plover,Mountain Plover,part_10,0. Mountain Plover,965
mountain_quail,Mountain Quail,part_10,0. Mountain Quail,564
mountain_robin_chat,Mountain Robin-Chat,part_10,0. Mountain Robin-Chat,45
mountain_saw_wing,Mountain Saw-wing,part_10,0. Mountain Saw-wing,19
mountain_scops_owl,Mountain Scops Owl,part_10,0. Mountain Scops Owl,204
mountain_serin,Mountain Serin,part_10,0. Mountain Serin,14
mountain_serpent_eagle,Mountain Serpent Eagle,part_10,0. Mountain Serpent Eagle,54
mountain_shrike,Mountain Shrike,part_10,0. Mountain Shrike,73
mountain_starling,Mountain Starling,part_10,0. Mountain Starling,7
mountain_swiftlet,Mountain Swiftlet,part_10,0. Mountain Swiftlet,16
mountain_tailorbird,Mountain Tailorbird,part_10,0. Mountain Tailorbird,125
mountain_thornbill,Mountain Thornbill,part_10,0. Mountain Thornbill,71
mountain_thrush,Mountain Thrush,part_10,0. Mountain Thrush,310
mountain_trogon,Mountain Trogon,part_10,0. Mountain Trogon,172
mountain_velvetbreast,Mountain Velvetbreast,part_10,0. Mountain Velvetbreast,377
mountain_wagtail,Mountain Wagtail,part_10,0. Mountain Wagtail,293
mountain_wheatear,Mountain Wheatear,part_10,0. Mountain Wheatear,257
mountain_wren,Mountain Wren,part_10,0. Mountain Wren,181
mountain_wren_babbler,Mountain Wren-Babbler,part_10,0. Mountain Wren-Babbler,70
mountain_yellow_warbler,Mountain Yellow Warbler,part_10,0. Mountain Yellow Warbler,39
mourning_collared_dove,Mourning Collared Dove,part_10,0. Mourning Collared Dove,538
mourning_dove,Mourning Dove,part_10,0. Mourning Dove,2664
mourning_sierra_finch,Mourning Sierra Finch,part_10,0. Mourning Sierra Finch,935
mourning_warbler,Mourning Warbler,part_10,0. Mourning Warbler,901
mourning_wheatear,Mourning Wheatear,part_10,0. Mourning Wheatear,487
mouse_colored_antshrike,Mouse-colored Antshrike,part_10,0. Mouse-colored Antshrike,137
mouse_colored_penduline_tit,Mouse-colored Penduline Tit,part_10,0. Mouse-colored Penduline Tit,64
mouse_colored_tapaculo,Mouse-colored Tapaculo,part_10,0. Mouse-colored Tapaculo,106
mouse_colored_thistletail,Mouse-colored Thistletail,part_10,0. Mouse-colored Thistletail,40
moussiers_redstart,Moussier's Redstart,part_10,0. Moussier's Redstart,346
moustached_antpitta,Moustached Antpitta,part_10,0. Moustached Antpitta,163
moustached_antwren,Moustached Antwren,part_10,0. Moustached Antwren,57
moustached_babbler,Moustached Babbler,part_10,0. Moustached Babbler,90
moustached_barbet,Moustached Barbet,part_10,0. Moustached Barbet,102
moustached_brushfinch,Moustached Brushfinch,part_10,0. Moustached Brushfinch,74
moustached_flowerpiercer,Moustached Flowerpiercer,part_10,0. Moustached Flowerpiercer,133
moustached_grass_warbler,Moustached Grass Warbler,part_10,0. Moustached Grass Warbler,131
moustached_hawk_cuckoo,Moustached Hawk-Cuckoo,part_10,0. Moustached Hawk-Cuckoo,26
moustached_kingfisher,Moustached Kingfisher,part_10,0. Moustached Kingfisher,32
moustached_laughingthrush,Moustached Laughingthrush,part_10,0. Moustached Laughingthrush,57
moustached_puffbird,Moustached Puffbird,part_10,0. Moustached Puffbird,374
moustached_tinkerbird,Moustached Tinkerbird,part_10,0. Moustached Tinkerbird,30
moustached_treeswift,Moustached Treeswift,part_10,0. Moustached Treeswift,114
moustached_turca,Moustached Turca,part_10,0. Moustached Turca,520
moustached_warbler,Moustached Warbler,part_10,0. Moustached Warbler,459
moustached_woodcreeper,Moustached Woodcreeper,part_10,0. Moustached Woodcreeper,37
moustached_wren,Moustached Wren,part_10,0. Moustached Wren,123
mrs._goulds_sunbird,Mrs. Gould's Sunbird,part_10,0. Mrs. Gould's Sunbird,590
mugimaki_flycatcher,Mugimaki Flycatcher,part_10,0. Mugimaki Flycatcher,880
mulga_parrot,Mulga Parrot,part_10,0. Mulga Parrot,914
multicolored_tanager,Multicolored Tanager,part_10,0. Multicolored Tanager,373
munchique_wood_wren,Munchique Wood Wren,part_10,0. Munchique Wood Wren,125
murphys_petrel,Murphy's Petrel,part_10,0. Murphy's Petrel,153
muscovy_duck,Muscovy Duck,part_10,0. Muscovy Duck,2991
musician_wren,Musician Wren,part_10,0. Musician Wren,186
musk_duck,Musk Duck,part_10,0. Musk Duck,1100
musk_lorikeet,Musk Lorikeet,part_10,0. Musk Lorikeet,1009
mussau_fantail,Mussau Fantail,part_10,0. Mussau Fantail,1
mussau_triller,Mussau Triller,part_10,0. Mussau Triller,1
mute_swan,Mute Swan,part_10,0. Mute Swan,2943
nacunda_nighthawk,Nacunda Nighthawk,part_10,0. Nacunda Nighthawk,308
naga_wren_babbler,Naga Wren-Babbler,part_10,0. Naga Wren-Babbler,25
nahans_partridge,Nahan's Partridge,part_10,0. Nahan's Partridge,5
naked_faced_barbet,Naked-faced Barbet,part_10,0. Naked-faced Barbet,70
naked_faced_spiderhunter,Naked-faced Spiderhunter,part_10,0. Naked-faced Spiderhunter,75
namaqua_dove,Namaqua Dove,part_10,0. Namaqua Dove,1343
namaqua_sandgrouse,Namaqua Sandgrouse,part_10,0. Namaqua Sandgrouse,595
namaqua_warbler,Namaqua Warbler,part_10,0. Namaqua Warbler,70
namuli_apalis,Namuli Apalis,part_10,0. Namuli Apalis,4
nankeen_night_heron,Nankeen Night Heron,part_10,0. Nankeen Night Heron,1927
napo_sabrewing,Napo Sabrewing,part_10,0. Napo Sabrewing,129
narcondam_hornbill,Narcondam Hornbill,part_10,0. Narcondam Hornbill,32
naretha_bluebonnet,Naretha Bluebonnet,part_10,0. Naretha Bluebonnet,47
narina_trogon,Narina Trogon,part_10,0. Narina Trogon,278
narrow_billed_antwren,Narrow-billed Antwren,part_10,0. Narrow-billed Antwren,47
narrow_billed_tody,Narrow-billed Tody,part_10,0. Narrow-billed Tody,423
narrow_billed_woodcreeper,Narrow-billed Woodcreeper,part_10,0. Narrow-billed Woodcreeper,846
narrow_tailed_emerald,Narrow-tailed Emerald,part_10,0. Narrow-tailed Emerald,41
narrow_tailed_starling,Narrow-tailed Starling,part_10,0. Narrow-tailed Starling,32
nashville_warbler,Nashville Warbler,part_10,0. Nashville Warbler,662
natal_spurfowl,Natal Spurfowl,part_10,0. Natal Spurfowl,404
natewa_silktail,Natewa Silktail,part_10,0. Natewa Silktail,18
naumanns_thrush,Naumann's Thrush,part_10,0. Naumann's Thrush,629
naung_mung_scimitar_babbler,Naung Mung Scimitar Babbler,part_10,0. Naung Mung Scimitar Babbler,2
nauru_reed_warbler,Nauru Reed Warbler,part_10,0. Nauru Reed Warbler,2
navas_wren,Nava's Wren,part_10,0. Nava's Wren,63
nazca_booby,Nazca Booby,part_10,0. Nazca Booby,2566
neblina_metaltail,Neblina Metaltail,part_10,0. Neblina Metaltail,49
neblina_tapaculo,Neblina Tapaculo,part_10,0. Neblina Tapaculo,27
nechisar_nightjar,Nechisar Nightjar,part_10,0. Nechisar Nightjar,5
necklaced_barbet,Necklaced Barbet,part_10,0. Necklaced Barbet,31
necklaced_spinetail,Necklaced Spinetail,part_10,0. Necklaced Spinetail,65
neergaards_sunbird,Neergaard's Sunbird,part_10,0. Neergaard's Sunbird,27
negros_bleeding_heart,Negros Bleeding-heart,part_10,0. Negros Bleeding-heart,36
negros_fruit_dove,Negros Fruit Dove,part_10,0. Negros Fruit Dove,14
negros_leaf_warbler,Negros Leaf Warbler,part_10,0. Negros Leaf Warbler,14
negros_scops_owl,Negros Scops Owl,part_10,0. Negros Scops Owl,34
negros_striped_babbler,Negros Striped Babbler,part_10,0. Negros Striped Babbler,10
nelicourvi_weaver,Nelicourvi Weaver,part_10,0. Nelicourvi Weaver,114
nelsons_sparrow,Nelson's Sparrow,part_10,0. Nelson's Sparrow,1049
neotropic_cormorant,Neotropic Cormorant,part_10,0. Neotropic Cormorant,2741
nepal_fulvetta,Nepal Fulvetta,part_10,0. Nepal Fulvetta,62
nepal_house_martin,Nepal House Martin,part_10,0. Nepal House Martin,69
neumanns_starling,Neumann's Starling,part_10,0. Neumann's Starling,15
new_britain_boobook,New Britain Boobook,part_10,0. New Britain Boobook,31
new_britain_bronzewing,New Britain Bronzewing,part_10,0. New Britain Bronzewing,4
new_britain_dwarf_kingfisher,New Britain Dwarf Kingfisher,part_10,0. New Britain Dwarf Kingfisher,12
new_britain_friarbird,New Britain Friarbird,part_10,0. New Britain Friarbird,17
new_britain_goshawk,New Britain Goshawk,part_10,0. New Britain Goshawk,10
new_britain_sparrowhawk,New Britain Sparrowhawk,part_10,0. New Britain Sparrowhawk,9
new_caledonian_crow,New Caledonian Crow,part_10,0. New Caledonian Crow,146
new_caledonian_friarbird,New Caledonian Friarbird,part_10,0. New Caledonian Friarbird,90
new_caledonian_lorikeet,New Caledonian Lorikeet,part_10,0. New Caledonian Lorikeet,13
new_caledonian_myzomela,New Caledonian Myzomela,part_10,0. New Caledonian Myzomela,40
new_caledonian_nightjar,New Caledonian Nightjar,part_10,0. New Caledonian Nightjar,1
new_caledonian_owlet_nightjar,New Caledonian Owlet-nightjar,part_10,0. New Caledonian Owlet-nightjar,14
new_caledonian_parakeet,New Caledonian Parakeet,part_10,0. New Caledonian Parakeet,25
new_caledonian_rail,New Caledonian Rail,part_10,0. New Caledonian Rail,9
new_caledonian_whistler,New Caledonian Whistler,part_10,0. New Caledonian Whistler,57
new_georgia_dwarf_kingfisher,New Georgia Dwarf Kingfisher,part_10,0. New Georgia Dwarf Kingfisher,4
new_guinea_bronzewing,New Guinea Bronzewing,part_10,0. New Guinea Bronzewing,31
new_guinea_flightless_rail,New Guinea Flightless Rail,part_10,0. New Guinea Flightless Rail,37
new_guinea_woodcock,New Guinea Woodcock,part_10,0. New Guinea Woodcock,13
new_holland_honeyeater,New Holland Honeyeater,part_10,0. New Holland Honeyeater,2577
new_ireland_dwarf_kingfisher,New Ireland Dwarf Kingfisher,part_10,0. New Ireland Dwarf Kingfisher,4
new_ireland_friarbird,New Ireland Friarbird,part_10,0. New Ireland Friarbird,1
new_zealand_bellbird,New Zealand Bellbird,part_10,0. New Zealand Bellbird,1496
new_zealand_bittern,New Zealand Bittern,part_10,0. New Zealand Bittern,15
new_zealand_fantail,New Zealand Fantail,part_10,0. New Zealand Fantail,1681
new_zealand_fernbird,New Zealand Fernbird,part_10,0. New Zealand Fernbird,78
new_zealand_grebe,New Zealand Grebe,part_10,0. New Zealand Grebe,274
new_zealand_kaka,New Zealand Kaka,part_10,0. New Zealand Kaka,1402
new_zealand_king_shag,New Zealand King Shag,part_10,0. New Zealand King Shag,163
new_zealand_pigeon,New Zealand Pigeon,part_10,0. New Zealand Pigeon,1490
,,part_10,,0
